자재코드,자재명,입고량(톤),출고량(톤),적재위치,Vessel ID,날짜,시간
BR-M,베어링 (중형),198,100,C-1,ULCS-240985,2023-08-01,00:17:00
PP-150,파이프 (150mm),192,172,D-2,FLNG-240959,2023-08-01,00:21:00
ST-030,후판 (30mm),126,126,B-1,LNGC-240968,2023-08-01,01:22:00
ST-020,후판 (20mm),183,183,B-2,FLNG-240980,2023-08-01,01:37:00
PP-150,파이프 (150mm),403,215,A-2,LNGC-240968,2023-08-01,01:38:00
ST-010,후판 (10mm),813,813,D-3,FLNG-240904,2023-08-01,01:42:00
WL-001,용접봉 (6013),198,97,E-3,FLNG-240955,2023-08-01,02:29:00
ST-030,후판 (30mm),184,183,D-2,LNGC-240922,2023-08-01,03:23:00
WL-001,용접봉 (7018),138,138,E-1,FLNG-240942,2023-08-01,03:42:00
PP-200,파이프 (200mm),168,126,D-3,LNGC-240987,2023-08-01,05:28:00
CB-001,케이블 (통신용),38,38,A-1,VLCC-240961,2023-08-01,06:58:00
BR-M,베어링 (중형),125,125,A-1,FLNG-240955,2023-08-01,07:58:00
ST-010,후판 (10mm),117,92,C-2,LNGC-240940,2023-08-01,08:03:00
BR-L,베어링 (대형),203,0,E-2,VLCC-240928,2023-08-01,08:59:00
PP-200,파이프 (200mm),71,71,D-1,FLNG-240922,2023-08-01,09:40:00
PP-100,파이프 (100mm),376,376,D-3,FLNG-240962,2023-08-01,09:51:00
BR-S,베어링 (소형),758,113,A-3,FLNG-240965,2023-08-01,11:01:00
ST-010,후판 (10mm),85,79,B-3,FLNG-240984,2023-08-01,11:05:00
ST-010,후판 (10mm),133,139,B-3,FLNG-240938,2023-08-01,11:06:00
BR-M,베어링 (중형),116,44,E-1,FPSO-240936,2023-08-01,11:10:00
WL-001,용접봉 (6013),270,270,E-2,FLNG-240956,2023-08-01,12:51:00
CB-001,케이블 (전력용),86,86,A-2,LNGC-240917,2023-08-01,14:03:00
ST-020,후판 (20mm),136,136,C-2,FPSO-240987,2023-08-01,15:11:00
BR-L,베어링 (대형),495,495,E-1,FPSO-240969,2023-08-01,15:13:00
BR-L,베어링 (대형),251,413,E-2,FLNG-240942,2023-08-01,15:40:00
PP-150,파이프 (150mm),195,77,D-3,FLNG-240984,2023-08-01,16:03:00
BR-S,베어링 (소형),25,25,C-1,FLNG-240951,2023-08-01,16:12:00
CB-001,케이블 (통신용),4,4,D-1,FLNG-240972,2023-08-01,16:39:00
PP-150,파이프 (150mm),640,97,C-1,FLNG-240943,2023-08-01,17:08:00
PP-100,파이프 (100mm),356,348,A-2,FLNG-240955,2023-08-01,20:28:00
WL-001,용접봉 (6013),318,318,E-1,LNGC-240913,2023-08-01,20:39:00
PP-200,파이프 (200mm),90,132,D-3,LNGC-240937,2023-08-01,20:49:00
PP-200,파이프 (200mm),218,180,B-3,FLNG-240986,2023-08-01,20:50:00
CB-001,케이블 (전력용),4,4,A-2,FPSO-240917,2023-08-01,21:11:00
PP-100,파이프 (100mm),51,51,D-1,FPSO-240969,2023-08-01,21:21:00
CB-001,케이블 (통신용),167,167,C-2,FLNG-240980,2023-08-01,22:16:00
WL-001,용접봉 (7018),163,163,E-1,FPSO-240995,2023-08-01,22:34:00
WL-001,용접봉 (6013),278,83,E-2,FLNG-240991,2023-08-02,00:26:00
BR-S,베어링 (소형),6,6,B-1,FLNG-240907,2023-08-02,00:39:00
BR-L,베어링 (대형),29,29,B-1,FLNG-240923,2023-08-02,00:43:00
ST-010,후판 (10mm),15,15,D-2,FLNG-240948,2023-08-02,00:45:00
PP-200,파이프 (200mm),389,152,D-2,FPSO-240947,2023-08-02,00:53:00
ST-030,후판 (30mm),10,10,B-3,FPSO-240907,2023-08-02,01:22:00
WL-001,용접봉 (6013),31,31,A-3,LNGC-240964,2023-08-02,01:58:00
BR-S,베어링 (소형),201,473,A-3,FLNG-240951,2023-08-02,02:19:00
BR-L,베어링 (대형),72,72,C-1,FPSO-240987,2023-08-02,04:29:00
CB-001,케이블 (전력용),258,111,C-1,VLCC-240944,2023-08-02,04:52:00
ST-020,후판 (20mm),186,186,E-3,VLCC-240974,2023-08-02,05:01:00
CB-001,케이블 (통신용),557,557,A-3,VLCC-240978,2023-08-02,05:03:00
BR-S,베어링 (소형),186,186,E-2,LNGC-240998,2023-08-02,05:45:00
CB-001,케이블 (전력용),3,2,E-2,FPSO-240943,2023-08-02,06:01:00
WL-001,용접봉 (7018),248,50,A-3,FLNG-240960,2023-08-02,06:12:00
BR-S,베어링 (소형),25,25,C-1,LNGC-240932,2023-08-02,07:36:00
BR-M,베어링 (중형),557,557,B-1,VLCC-240963,2023-08-02,07:59:00
PP-200,파이프 (200mm),67,66,D-3,ULCS-240953,2023-08-02,08:12:00
WL-001,용접봉 (6013),178,88,E-2,FLNG-240947,2023-08-02,08:14:00
BR-M,베어링 (중형),13,36,E-1,FLNG-240948,2023-08-02,08:39:00
WL-001,용접봉 (6010),244,40,E-1,FLNG-240954,2023-08-02,08:41:00
CB-001,케이블 (통신용),22,22,C-2,FLNG-240997,2023-08-02,08:49:00
ST-030,후판 (30mm),256,172,B-2,FLNG-240964,2023-08-02,09:03:00
CB-001,케이블 (전력용),39,39,D-2,FLNG-240999,2023-08-02,09:07:00
ST-010,후판 (10mm),79,38,C-2,FPSO-240911,2023-08-02,09:10:00
ST-020,후판 (20mm),47,47,B-1,FLNG-240980,2023-08-02,09:19:00
BR-M,베어링 (중형),240,240,A-1,LNGC-240903,2023-08-02,10:15:00
PP-150,파이프 (150mm),131,131,B-3,LNGC-240942,2023-08-02,10:20:00
CB-001,케이블 (전력용),98,29,D-1,LNGC-240938,2023-08-02,10:35:00
WL-001,용접봉 (6010),148,66,B-2,FLNG-240942,2023-08-02,11:15:00
CB-001,케이블 (통신용),570,497,D-1,LNGC-240987,2023-08-02,12:40:00
BR-L,베어링 (대형),119,110,E-1,FLNG-240920,2023-08-02,13:19:00
ST-010,후판 (10mm),451,451,B-1,FPSO-240955,2023-08-02,14:23:00
ST-010,후판 (10mm),51,112,C-2,VLCC-240938,2023-08-02,15:32:00
ST-010,후판 (10mm),97,97,B-2,LNGC-240917,2023-08-02,17:28:00
WL-001,용접봉 (6010),236,16,E-3,LNGC-240953,2023-08-02,17:37:00
BR-L,베어링 (대형),145,145,A-3,FLNG-240903,2023-08-02,17:43:00
BR-M,베어링 (중형),559,542,B-1,VLCC-240942,2023-08-02,18:15:00
WL-001,용접봉 (6013),330,161,E-1,FLNG-240937,2023-08-02,19:22:00
CB-001,케이블 (전력용),272,237,E-2,FPSO-240994,2023-08-02,20:32:00
BR-S,베어링 (소형),222,80,C-1,FPSO-240939,2023-08-02,21:55:00
BR-S,베어링 (소형),153,526,A-3,FLNG-240930,2023-08-02,21:56:00
WL-001,용접봉 (6013),100,95,E-1,ULCS-240992,2023-08-02,23:17:00
CB-001,케이블 (통신용),419,342,A-2,FLNG-240929,2023-08-02,23:31:00
PP-200,파이프 (200mm),72,309,D-2,FPSO-240998,2023-08-03,00:13:00
BR-L,베어링 (대형),67,67,B-1,FLNG-240963,2023-08-03,00:30:00
ST-010,후판 (10mm),329,329,A-1,VLCC-240964,2023-08-03,02:09:00
CB-001,케이블 (통신용),25,16,D-1,FLNG-240969,2023-08-03,02:10:00
PP-200,파이프 (200mm),621,275,B-2,LNGC-240987,2023-08-03,03:40:00
CB-001,케이블 (통신용),326,326,E-1,ULCS-240919,2023-08-03,03:50:00
ST-010,후판 (10mm),375,375,D-3,VLCC-240966,2023-08-03,04:57:00
ST-030,후판 (30mm),40,40,C-2,FLNG-240921,2023-08-03,05:41:00
WL-001,용접봉 (7018),282,561,E-2,FLNG-240984,2023-08-03,06:37:00
BR-S,베어링 (소형),125,125,E-1,FLNG-240967,2023-08-03,06:54:00
BR-S,베어링 (소형),19,19,E-1,LNGC-240958,2023-08-03,07:07:00
PP-100,파이프 (100mm),57,57,B-2,FLNG-240942,2023-08-03,07:08:00
ST-010,후판 (10mm),298,298,B-1,FLNG-240925,2023-08-03,07:26:00
ST-020,후판 (20mm),169,36,E-3,FLNG-240922,2023-08-03,08:47:00
CB-001,케이블 (전력용),0,77,A-2,FLNG-240954,2023-08-03,09:03:00
PP-200,파이프 (200mm),80,118,B-3,FLNG-240913,2023-08-03,09:50:00
PP-150,파이프 (150mm),136,121,B-2,VLCC-240919,2023-08-03,10:19:00
ST-020,후판 (20mm),171,171,B-3,VLCC-240961,2023-08-03,10:40:00
CB-001,케이블 (통신용),137,137,D-2,VLCC-240944,2023-08-03,11:13:00
CB-001,케이블 (통신용),685,570,C-1,LNGC-240947,2023-08-03,12:27:00
PP-150,파이프 (150mm),458,275,A-2,FLNG-240956,2023-08-03,12:37:00
ST-030,후판 (30mm),41,41,E-3,FPSO-240965,2023-08-03,12:41:00
BR-S,베어링 (소형),0,67,C-1,FLNG-240979,2023-08-03,13:33:00
BR-L,베어링 (대형),83,83,A-3,FPSO-240943,2023-08-03,13:37:00
BR-S,베어링 (소형),106,136,C-1,FLNG-240915,2023-08-03,15:04:00
BR-S,베어링 (소형),121,121,E-1,FLNG-240975,2023-08-03,17:25:00
WL-001,용접봉 (6010),39,45,E-3,FLNG-240938,2023-08-03,17:44:00
BR-S,베어링 (소형),180,180,E-1,VLCC-240976,2023-08-03,18:00:00
ST-030,후판 (30mm),293,13,D-2,LNGC-240909,2023-08-03,18:13:00
ST-010,후판 (10mm),147,147,D-2,VLCC-240909,2023-08-03,19:27:00
ST-020,후판 (20mm),373,220,C-3,FPSO-240992,2023-08-03,19:45:00
ST-030,후판 (30mm),131,115,C-2,FPSO-240991,2023-08-03,21:05:00
BR-M,베어링 (중형),158,175,B-1,FPSO-240989,2023-08-03,21:37:00
CB-001,케이블 (통신용),13,13,C-2,FPSO-240960,2023-08-03,22:29:00
ST-010,후판 (10mm),272,103,B-1,ULCS-240923,2023-08-03,22:42:00
PP-100,파이프 (100mm),265,265,C-1,FLNG-240909,2023-08-03,23:44:00
BR-M,베어링 (중형),16,16,B-1,FLNG-240955,2023-08-04,00:29:00
ST-020,후판 (20mm),326,274,B-2,FPSO-240945,2023-08-04,00:33:00
WL-001,용접봉 (6013),567,238,E-2,LNGC-240998,2023-08-04,00:48:00
BR-M,베어링 (중형),56,105,E-1,FPSO-240921,2023-08-04,01:10:00
ST-010,후판 (10mm),269,115,C-2,FPSO-240926,2023-08-04,01:35:00
PP-150,파이프 (150mm),92,210,D-3,LNGC-240998,2023-08-04,02:20:00
BR-M,베어링 (중형),516,171,A-3,VLCC-240958,2023-08-04,03:19:00
WL-001,용접봉 (6013),56,62,A-3,FPSO-240952,2023-08-04,03:28:00
ST-030,후판 (30mm),465,100,B-1,FLNG-240951,2023-08-04,03:44:00
PP-150,파이프 (150mm),68,88,D-2,LNGC-240921,2023-08-04,03:44:00
PP-100,파이프 (100mm),165,104,D-1,FLNG-240935,2023-08-04,04:32:00
ST-020,후판 (20mm),251,100,B-3,FLNG-240968,2023-08-04,04:51:00
PP-100,파이프 (100mm),262,139,C-1,LNGC-240950,2023-08-04,05:03:00
ST-020,후판 (20mm),64,64,B-1,LNGC-240970,2023-08-04,07:52:00
ST-030,후판 (30mm),480,480,E-3,VLCC-240907,2023-08-04,08:09:00
CB-001,케이블 (전력용),209,190,D-1,FLNG-240965,2023-08-04,08:32:00
ST-030,후판 (30mm),28,28,A-1,FLNG-240943,2023-08-04,08:41:00
ST-030,후판 (30mm),2,18,C-2,FLNG-240990,2023-08-04,08:53:00
WL-001,용접봉 (6013),63,279,E-3,LNGC-240918,2023-08-04,09:19:00
ST-010,후판 (10mm),222,222,E-3,FPSO-240974,2023-08-04,09:23:00
CB-001,케이블 (통신용),402,37,C-2,FPSO-240946,2023-08-04,09:43:00
CB-001,케이블 (전력용),46,46,D-2,FLNG-240956,2023-08-04,10:10:00
PP-200,파이프 (200mm),433,409,A-2,FLNG-240905,2023-08-04,10:36:00
PP-150,파이프 (150mm),70,70,D-3,FPSO-240939,2023-08-04,10:54:00
CB-001,케이블 (전력용),377,239,A-2,VLCC-240935,2023-08-04,10:55:00
WL-001,용접봉 (7018),53,166,E-2,FLNG-240913,2023-08-04,11:13:00
ST-030,후판 (30mm),12,9,B-2,VLCC-240986,2023-08-04,12:29:00
ST-020,후판 (20mm),300,53,B-3,LNGC-240956,2023-08-04,12:42:00
WL-001,용접봉 (7018),648,286,E-1,FLNG-240986,2023-08-04,13:18:00
PP-150,파이프 (150mm),816,31,C-1,FLNG-240912,2023-08-04,14:03:00
WL-001,용접봉 (6013),95,317,E-2,LNGC-240989,2023-08-04,14:22:00
ST-010,후판 (10mm),70,42,C-2,FLNG-240962,2023-08-04,14:59:00
BR-S,베어링 (소형),144,144,A-3,ULCS-240940,2023-08-04,15:54:00
ST-030,후판 (30mm),274,47,B-2,VLCC-240978,2023-08-04,16:20:00
ST-020,후판 (20mm),121,104,A-1,FLNG-240951,2023-08-04,19:18:00
PP-150,파이프 (150mm),100,37,D-3,FLNG-240978,2023-08-04,19:39:00
BR-S,베어링 (소형),11,11,E-1,ULCS-240998,2023-08-04,19:48:00
PP-150,파이프 (150mm),202,202,B-3,VLCC-240993,2023-08-04,20:20:00
CB-001,케이블 (전력용),92,92,E-1,FLNG-240974,2023-08-04,20:56:00
PP-200,파이프 (200mm),274,274,D-1,FPSO-240959,2023-08-04,20:59:00
CB-001,케이블 (전력용),191,242,D-1,FPSO-240953,2023-08-04,21:19:00
ST-020,후판 (20mm),53,53,B-1,LNGC-240984,2023-08-04,21:39:00
BR-L,베어링 (대형),87,87,A-3,FLNG-240971,2023-08-04,22:19:00
ST-020,후판 (20mm),129,26,B-1,VLCC-240985,2023-08-04,22:24:00
PP-150,파이프 (150mm),452,526,C-1,LNGC-240923,2023-08-04,22:52:00
PP-200,파이프 (200mm),171,372,B-2,FLNG-240952,2023-08-04,23:14:00
PP-150,파이프 (150mm),641,175,A-2,FLNG-240986,2023-08-05,00:01:00
PP-100,파이프 (100mm),55,10,D-1,FLNG-240958,2023-08-05,01:33:00
ST-020,후판 (20mm),100,43,A-1,LNGC-240995,2023-08-05,02:24:00
ST-020,후판 (20mm),6,9,B-1,FPSO-240906,2023-08-05,02:26:00
CB-001,케이블 (통신용),166,166,A-3,FLNG-240921,2023-08-05,02:51:00
PP-200,파이프 (200mm),0,0,B-3,FLNG-240972,2023-08-05,02:58:00
ST-030,후판 (30mm),405,602,B-1,FLNG-240988,2023-08-05,03:40:00
BR-L,베어링 (대형),235,235,A-1,VLCC-240910,2023-08-05,04:38:00
BR-L,베어링 (대형),234,47,E-1,ULCS-240965,2023-08-05,05:21:00
CB-001,케이블 (전력용),340,397,A-2,LNGC-240942,2023-08-05,07:17:00
PP-200,파이프 (200mm),345,421,B-2,FPSO-240931,2023-08-05,07:39:00
PP-150,파이프 (150mm),215,37,D-3,VLCC-240993,2023-08-05,07:41:00
PP-200,파이프 (200mm),119,119,B-3,FLNG-240900,2023-08-05,08:00:00
CB-001,케이블 (통신용),126,73,C-3,FLNG-240953,2023-08-05,08:03:00
ST-010,후판 (10mm),183,73,E-3,FLNG-240925,2023-08-05,10:26:00
BR-L,베어링 (대형),118,27,A-1,LNGC-240919,2023-08-05,11:42:00
CB-001,케이블 (통신용),78,160,D-1,FPSO-240943,2023-08-05,11:43:00
CB-001,케이블 (전력용),7,7,E-1,FLNG-240960,2023-08-05,13:33:00
ST-010,후판 (10mm),296,159,B-1,LNGC-240920,2023-08-05,13:48:00
BR-M,베어링 (중형),108,44,C-1,FPSO-240907,2023-08-05,14:49:00
CB-001,케이블 (통신용),789,655,D-1,FLNG-240928,2023-08-05,15:35:00
WL-001,용접봉 (6010),43,235,A-3,LNGC-240951,2023-08-05,16:37:00
CB-001,케이블 (통신용),141,22,C-2,FLNG-240905,2023-08-05,18:09:00
ST-030,후판 (30mm),338,411,B-2,VLCC-240921,2023-08-05,18:20:00
CB-001,케이블 (전력용),83,83,A-3,ULCS-240941,2023-08-05,18:53:00
CB-001,케이블 (통신용),329,414,C-2,LNGC-240970,2023-08-05,19:15:00
CB-001,케이블 (전력용),236,182,C-1,FLNG-240947,2023-08-05,19:38:00
PP-200,파이프 (200mm),27,24,D-3,FLNG-240917,2023-08-05,20:36:00
WL-001,용접봉 (6010),46,128,B-2,FPSO-240982,2023-08-05,21:48:00
ST-010,후판 (10mm),159,26,C-2,VLCC-240900,2023-08-05,22:07:00
PP-100,파이프 (100mm),157,20,B-2,FPSO-240948,2023-08-05,22:39:00
WL-001,용접봉 (6013),211,189,E-2,LNGC-240911,2023-08-06,00:31:00
PP-100,파이프 (100mm),31,31,D-3,FLNG-240972,2023-08-06,01:16:00
CB-001,케이블 (전력용),62,98,E-2,FLNG-240953,2023-08-06,01:23:00
PP-200,파이프 (200mm),34,34,B-3,FPSO-240903,2023-08-06,02:57:00
ST-020,후판 (20mm),38,84,A-1,VLCC-240933,2023-08-06,03:20:00
CB-001,케이블 (통신용),11,64,C-3,FLNG-240931,2023-08-06,03:26:00
PP-200,파이프 (200mm),397,397,A-2,ULCS-240968,2023-08-06,04:41:00
PP-150,파이프 (150mm),52,52,D-1,FLNG-240980,2023-08-06,04:54:00
ST-020,후판 (20mm),37,170,E-3,VLCC-240928,2023-08-06,05:03:00
PP-150,파이프 (150mm),149,53,D-2,FPSO-240956,2023-08-06,05:15:00
PP-200,파이프 (200mm),361,4,B-3,ULCS-240981,2023-08-06,05:40:00
CB-001,케이블 (통신용),237,13,A-3,FLNG-240914,2023-08-06,05:53:00
CB-001,케이블 (전력용),20,229,C-1,VLCC-240902,2023-08-06,07:54:00
CB-001,케이블 (전력용),172,322,C-2,FLNG-240958,2023-08-06,08:15:00
CB-001,케이블 (통신용),359,48,D-2,LNGC-240935,2023-08-06,08:55:00
BR-S,베어링 (소형),379,95,A-3,VLCC-240937,2023-08-06,09:06:00
ST-030,후판 (30mm),145,145,E-3,FPSO-240916,2023-08-06,09:18:00
ST-020,후판 (20mm),54,54,D-2,FLNG-240948,2023-08-06,10:04:00
PP-100,파이프 (100mm),102,59,D-3,LNGC-240954,2023-08-06,10:35:00
PP-100,파이프 (100mm),284,284,B-3,FLNG-240953,2023-08-06,10:47:00
PP-100,파이프 (100mm),100,108,A-2,VLCC-240904,2023-08-06,10:52:00
PP-150,파이프 (150mm),245,45,C-1,FLNG-240912,2023-08-06,12:21:00
BR-M,베어링 (중형),233,156,E-2,FLNG-240966,2023-08-06,13:52:00
CB-001,케이블 (통신용),603,393,A-3,FLNG-240936,2023-08-06,14:01:00
BR-L,베어링 (대형),582,489,E-1,FLNG-240907,2023-08-06,14:59:00
CB-001,케이블 (통신용),410,442,C-1,VLCC-240941,2023-08-06,15:09:00
ST-020,후판 (20mm),126,145,B-1,FLNG-240902,2023-08-06,15:21:00
PP-200,파이프 (200mm),206,10,D-1,FLNG-240924,2023-08-06,16:17:00
WL-001,용접봉 (6010),177,46,C-3,LNGC-240902,2023-08-06,16:47:00
BR-S,베어링 (소형),31,31,A-1,FLNG-240938,2023-08-06,17:04:00
BR-M,베어링 (중형),169,121,E-2,FLNG-240922,2023-08-06,19:31:00
ST-010,후판 (10mm),30,46,C-2,FPSO-240960,2023-08-06,19:43:00
BR-S,베어링 (소형),58,4,A-1,FPSO-240944,2023-08-06,19:56:00
ST-030,후판 (30mm),159,159,D-3,FLNG-240905,2023-08-06,22:30:00
ST-020,후판 (20mm),9,1,B-1,FLNG-240923,2023-08-06,22:37:00
WL-001,용접봉 (6010),55,55,B-2,FLNG-240908,2023-08-06,23:31:00
BR-L,베어링 (대형),72,72,B-1,FPSO-240964,2023-08-07,00:59:00
BR-M,베어링 (중형),186,13,C-1,FLNG-240964,2023-08-07,01:41:00
CB-001,케이블 (통신용),137,218,A-2,FLNG-240930,2023-08-07,01:53:00
PP-100,파이프 (100mm),177,44,B-2,VLCC-240998,2023-08-07,02:18:00
ST-020,후판 (20mm),201,253,B-2,LNGC-240978,2023-08-07,04:38:00
PP-100,파이프 (100mm),279,81,A-2,FLNG-240913,2023-08-07,04:58:00
PP-100,파이프 (100mm),372,86,B-3,VLCC-240915,2023-08-07,04:59:00
PP-100,파이프 (100mm),56,99,D-3,FLNG-240928,2023-08-07,05:34:00
PP-150,파이프 (150mm),115,161,D-3,ULCS-240921,2023-08-07,07:14:00
ST-010,후판 (10mm),143,165,C-2,VLCC-240949,2023-08-07,07:46:00
PP-150,파이프 (150mm),323,323,B-3,FLNG-240953,2023-08-07,09:28:00
ST-030,후판 (30mm),538,124,D-3,FLNG-240925,2023-08-07,10:46:00
BR-M,베어링 (중형),58,62,A-3,LNGC-240948,2023-08-07,11:13:00
WL-001,용접봉 (6013),458,16,E-2,LNGC-240958,2023-08-07,11:33:00
ST-020,후판 (20mm),111,127,B-1,FLNG-240948,2023-08-07,14:41:00
CB-001,케이블 (전력용),112,283,D-1,VLCC-240998,2023-08-07,15:29:00
BR-M,베어링 (중형),471,465,B-1,FLNG-240915,2023-08-07,17:21:00
WL-001,용접봉 (6013),100,29,A-3,FLNG-240941,2023-08-07,17:32:00
PP-100,파이프 (100mm),0,0,D-3,FLNG-240900,2023-08-07,17:42:00
CB-001,케이블 (통신용),198,40,A-2,FLNG-240981,2023-08-07,18:09:00
ST-010,후판 (10mm),195,103,E-3,VLCC-240999,2023-08-07,18:45:00
PP-200,파이프 (200mm),389,458,B-2,LNGC-240959,2023-08-07,19:06:00
CB-001,케이블 (전력용),63,30,A-3,FPSO-240968,2023-08-07,20:21:00
CB-001,케이블 (전력용),122,181,A-3,FPSO-240975,2023-08-07,20:31:00
ST-020,후판 (20mm),5,78,B-1,FLNG-240904,2023-08-07,20:43:00
ST-010,후판 (10mm),68,33,C-3,FLNG-240943,2023-08-07,21:07:00
PP-100,파이프 (100mm),576,596,B-2,LNGC-240956,2023-08-07,21:23:00
BR-L,베어링 (대형),225,225,B-1,LNGC-240900,2023-08-07,22:58:00
CB-001,케이블 (통신용),318,3,C-2,FLNG-240907,2023-08-07,23:43:00
ST-010,후판 (10mm),455,489,B-1,FLNG-240975,2023-08-08,00:50:00
BR-S,베어링 (소형),45,45,E-2,LNGC-240918,2023-08-08,01:14:00
ST-030,후판 (30mm),76,76,C-2,FLNG-240960,2023-08-08,01:50:00
CB-001,케이블 (전력용),112,42,A-3,FLNG-240948,2023-08-08,01:57:00
CB-001,케이블 (전력용),448,448,D-1,FPSO-240900,2023-08-08,02:27:00
PP-150,파이프 (150mm),316,225,A-2,VLCC-240985,2023-08-08,02:39:00
WL-001,용접봉 (6010),70,141,A-3,FPSO-240960,2023-08-08,04:11:00
BR-M,베어링 (중형),139,120,A-1,FLNG-240965,2023-08-08,05:19:00
CB-001,케이블 (전력용),103,30,D-2,FLNG-240927,2023-08-08,05:30:00
BR-L,베어링 (대형),63,63,A-3,LNGC-240984,2023-08-08,05:39:00
ST-010,후판 (10mm),217,136,C-3,VLCC-240929,2023-08-08,07:45:00
WL-001,용접봉 (6013),331,331,B-2,VLCC-240946,2023-08-08,07:58:00
BR-L,베어링 (대형),312,143,E-1,LNGC-240976,2023-08-08,08:06:00
CB-001,케이블 (전력용),335,17,C-1,FLNG-240971,2023-08-08,08:42:00
CB-001,케이블 (전력용),13,13,E-2,FLNG-240957,2023-08-08,09:00:00
BR-L,베어링 (대형),284,142,A-1,LNGC-240994,2023-08-08,09:26:00
CB-001,케이블 (전력용),17,17,A-1,FLNG-240953,2023-08-08,09:37:00
CB-001,케이블 (전력용),123,123,E-1,FLNG-240972,2023-08-08,11:06:00
WL-001,용접봉 (7018),407,50,E-1,VLCC-240994,2023-08-08,11:16:00
CB-001,케이블 (전력용),81,81,A-1,ULCS-240936,2023-08-08,11:25:00
PP-150,파이프 (150mm),353,64,D-3,FLNG-240950,2023-08-08,12:05:00
BR-L,베어링 (대형),26,26,A-3,VLCC-240959,2023-08-08,13:40:00
WL-001,용접봉 (6013),202,157,E-1,VLCC-240901,2023-08-08,13:55:00
PP-200,파이프 (200mm),0,144,B-3,LNGC-240904,2023-08-08,13:59:00
CB-001,케이블 (통신용),325,114,E-1,FLNG-240965,2023-08-08,14:04:00
ST-010,후판 (10mm),196,169,E-3,FLNG-240998,2023-08-08,14:22:00
ST-010,후판 (10mm),367,367,D-3,FLNG-240924,2023-08-08,15:13:00
ST-020,후판 (20mm),571,307,B-2,FPSO-240960,2023-08-08,16:14:00
ST-020,후판 (20mm),114,114,E-3,FLNG-240977,2023-08-08,16:57:00
BR-L,베어링 (대형),205,168,A-1,FPSO-240977,2023-08-08,19:18:00
PP-150,파이프 (150mm),122,68,B-2,FLNG-240948,2023-08-08,19:53:00
ST-010,후판 (10mm),223,162,C-2,VLCC-240983,2023-08-08,19:56:00
ST-020,후판 (20mm),390,160,C-2,FLNG-240962,2023-08-08,22:21:00
ST-030,후판 (30mm),337,266,B-1,FLNG-240954,2023-08-08,22:49:00
PP-100,파이프 (100mm),0,0,D-3,FLNG-240957,2023-08-08,23:06:00
CB-001,케이블 (전력용),85,85,A-1,FLNG-240924,2023-08-08,23:22:00
PP-150,파이프 (150mm),133,71,D-3,FLNG-240908,2023-08-08,23:44:00
WL-001,용접봉 (6010),62,38,A-3,FPSO-240951,2023-08-09,00:37:00
ST-010,후판 (10mm),550,204,A-1,FLNG-240908,2023-08-09,01:49:00
WL-001,용접봉 (6010),304,209,B-2,VLCC-240988,2023-08-09,03:05:00
ST-020,후판 (20mm),169,46,B-1,ULCS-240950,2023-08-09,03:11:00
WL-001,용접봉 (6013),78,173,B-2,LNGC-240981,2023-08-09,03:11:00
ST-030,후판 (30mm),82,93,B-2,FLNG-240990,2023-08-09,03:38:00
ST-030,후판 (30mm),129,168,D-2,LNGC-240953,2023-08-09,05:05:00
ST-020,후판 (20mm),257,151,A-1,FLNG-240907,2023-08-09,06:24:00
BR-M,베어링 (중형),47,254,A-3,VLCC-240927,2023-08-09,06:34:00
ST-030,후판 (30mm),307,82,D-3,LNGC-240917,2023-08-09,06:40:00
ST-020,후판 (20mm),84,144,C-2,LNGC-240979,2023-08-09,06:50:00
PP-100,파이프 (100mm),171,133,C-1,FLNG-240979,2023-08-09,06:55:00
ST-010,후판 (10mm),77,76,B-3,FPSO-240922,2023-08-09,07:57:00
PP-100,파이프 (100mm),91,141,B-3,FLNG-240973,2023-08-09,08:52:00
ST-030,후판 (30mm),153,282,D-2,LNGC-240966,2023-08-09,08:56:00
CB-001,케이블 (통신용),117,84,C-2,VLCC-240966,2023-08-09,09:03:00
ST-020,후판 (20mm),218,6,B-1,FPSO-240955,2023-08-09,09:40:00
ST-010,후판 (10mm),776,449,B-1,FLNG-240907,2023-08-09,09:43:00
WL-001,용접봉 (6010),319,343,E-3,ULCS-240912,2023-08-09,09:52:00
CB-001,케이블 (전력용),24,22,D-2,FPSO-240989,2023-08-09,10:07:00
CB-001,케이블 (전력용),95,73,C-1,LNGC-240905,2023-08-09,10:13:00
WL-001,용접봉 (6010),53,77,A-3,FLNG-240913,2023-08-09,10:37:00
ST-020,후판 (20mm),184,184,D-2,FPSO-240963,2023-08-09,11:43:00
ST-010,후판 (10mm),277,277,B-2,FLNG-240994,2023-08-09,12:09:00
CB-001,케이블 (통신용),163,2,C-2,ULCS-240951,2023-08-09,12:24:00
WL-001,용접봉 (7018),177,68,E-2,FLNG-240968,2023-08-09,13:15:00
ST-030,후판 (30mm),155,43,C-2,VLCC-240912,2023-08-09,14:08:00
ST-030,후판 (30mm),294,142,D-2,FLNG-240932,2023-08-09,15:22:00
PP-200,파이프 (200mm),86,41,C-1,FLNG-240968,2023-08-09,15:23:00
CB-001,케이블 (통신용),192,192,C-3,FLNG-240927,2023-08-09,16:05:00
WL-001,용접봉 (7018),270,314,C-3,FLNG-240903,2023-08-09,16:13:00
ST-030,후판 (30mm),275,387,C-2,FPSO-240925,2023-08-09,17:15:00
WL-001,용접봉 (6010),44,119,E-3,ULCS-240989,2023-08-09,17:17:00
CB-001,케이블 (전력용),332,108,C-2,FLNG-240954,2023-08-09,17:34:00
BR-M,베어링 (중형),84,26,B-1,FPSO-240941,2023-08-09,17:43:00
PP-100,파이프 (100mm),32,32,D-3,FPSO-240918,2023-08-09,18:09:00
ST-010,후판 (10mm),292,74,A-1,FLNG-240938,2023-08-09,18:21:00
PP-200,파이프 (200mm),180,150,A-2,LNGC-240973,2023-08-09,19:24:00
PP-100,파이프 (100mm),27,27,D-3,LNGC-240995,2023-08-09,19:34:00
CB-001,케이블 (통신용),136,14,D-1,FPSO-240966,2023-08-09,20:18:00
PP-200,파이프 (200mm),28,32,D-3,VLCC-240968,2023-08-09,21:06:00
PP-100,파이프 (100mm),502,247,D-3,FLNG-240994,2023-08-09,21:20:00
ST-030,후판 (30mm),577,781,D-3,VLCC-240958,2023-08-09,21:33:00
ST-020,후판 (20mm),625,789,B-2,FLNG-240930,2023-08-09,21:39:00
CB-001,케이블 (전력용),67,14,D-1,FLNG-240990,2023-08-09,21:40:00
ST-020,후판 (20mm),452,452,E-3,LNGC-240996,2023-08-09,22:09:00
PP-150,파이프 (150mm),107,133,D-3,FPSO-240992,2023-08-09,23:24:00
CB-001,케이블 (통신용),584,596,C-1,FLNG-240926,2023-08-10,00:22:00
BR-L,베어링 (대형),286,366,E-1,FLNG-240960,2023-08-10,00:48:00
WL-001,용접봉 (7018),586,246,E-1,LNGC-240972,2023-08-10,01:01:00
CB-001,케이블 (통신용),400,332,D-1,FPSO-240934,2023-08-10,02:05:00
CB-001,케이블 (통신용),249,249,C-3,LNGC-240987,2023-08-10,02:09:00
BR-L,베어링 (대형),314,390,E-1,VLCC-240948,2023-08-10,03:35:00
WL-001,용접봉 (6013),26,26,A-3,FLNG-240949,2023-08-10,04:41:00
ST-010,후판 (10mm),585,27,D-3,LNGC-240961,2023-08-10,06:36:00
BR-L,베어링 (대형),164,111,A-1,VLCC-240948,2023-08-10,06:59:00
ST-030,후판 (30mm),774,426,D-3,FLNG-240955,2023-08-10,08:25:00
ST-020,후판 (20mm),23,10,E-3,FLNG-240932,2023-08-10,09:07:00
ST-010,후판 (10mm),259,112,E-3,VLCC-240910,2023-08-10,10:06:00
BR-L,베어링 (대형),117,117,C-1,FLNG-240987,2023-08-10,10:22:00
BR-L,베어링 (대형),584,536,E-1,LNGC-240921,2023-08-10,10:40:00
PP-150,파이프 (150mm),104,156,B-2,LNGC-240906,2023-08-10,10:47:00
ST-010,후판 (10mm),287,287,D-2,FPSO-240974,2023-08-10,11:58:00
ST-030,후판 (30mm),297,288,B-2,FPSO-240941,2023-08-10,12:06:00
PP-100,파이프 (100mm),382,344,A-2,VLCC-240955,2023-08-10,12:33:00
PP-100,파이프 (100mm),173,215,C-1,FLNG-240987,2023-08-10,13:02:00
PP-100,파이프 (100mm),58,53,D-1,FPSO-240904,2023-08-10,13:05:00
ST-030,후판 (30mm),98,131,B-2,FPSO-240934,2023-08-10,14:15:00
WL-001,용접봉 (6010),302,160,A-3,LNGC-240950,2023-08-10,14:17:00
ST-030,후판 (30mm),338,327,B-1,FPSO-240915,2023-08-10,14:39:00
CB-001,케이블 (전력용),81,11,E-1,FLNG-240913,2023-08-10,15:39:00
ST-020,후판 (20mm),140,153,E-3,FLNG-240944,2023-08-10,16:47:00
PP-100,파이프 (100mm),151,138,C-1,VLCC-240928,2023-08-10,17:17:00
ST-020,후판 (20mm),295,232,B-2,VLCC-240944,2023-08-10,17:19:00
BR-L,베어링 (대형),250,600,E-1,FLNG-240999,2023-08-10,17:50:00
PP-150,파이프 (150mm),321,160,D-3,FLNG-240930,2023-08-10,18:31:00
WL-001,용접봉 (6013),72,31,A-3,FLNG-240993,2023-08-10,19:31:00
PP-150,파이프 (150mm),38,242,D-3,FLNG-240928,2023-08-10,19:56:00
BR-L,베어링 (대형),98,13,C-1,FPSO-240960,2023-08-10,21:44:00
ST-020,후판 (20mm),100,100,E-3,FLNG-240970,2023-08-10,22:44:00
CB-001,케이블 (전력용),280,342,C-2,FLNG-240942,2023-08-10,23:26:00
PP-100,파이프 (100mm),142,75,A-2,LNGC-240917,2023-08-10,23:51:00
ST-010,후판 (10mm),108,25,C-2,LNGC-240902,2023-08-11,00:56:00
BR-L,베어링 (대형),355,369,A-1,FLNG-240970,2023-08-11,01:25:00
CB-001,케이블 (전력용),12,9,D-2,FLNG-240934,2023-08-11,02:00:00
PP-100,파이프 (100mm),70,70,D-2,FLNG-240920,2023-08-11,03:12:00
BR-M,베어링 (중형),79,204,E-2,FLNG-240966,2023-08-11,04:15:00
WL-001,용접봉 (6010),333,119,E-3,LNGC-240980,2023-08-11,05:24:00
CB-001,케이블 (전력용),408,176,A-2,FPSO-240970,2023-08-11,06:26:00
CB-001,케이블 (전력용),224,219,C-1,FLNG-240922,2023-08-11,06:40:00
ST-030,후판 (30mm),757,518,E-3,FLNG-240962,2023-08-11,06:53:00
ST-030,후판 (30mm),809,246,C-3,FPSO-240928,2023-08-11,07:28:00
PP-150,파이프 (150mm),99,215,D-3,FPSO-240963,2023-08-11,07:52:00
ST-010,후판 (10mm),134,134,B-2,ULCS-240978,2023-08-11,07:57:00
WL-001,용접봉 (6013),143,118,E-3,FLNG-240909,2023-08-11,08:25:00
PP-150,파이프 (150mm),95,79,C-1,VLCC-240960,2023-08-11,08:28:00
CB-001,케이블 (전력용),11,11,E-2,VLCC-240932,2023-08-11,08:41:00
PP-150,파이프 (150mm),437,52,B-3,FLNG-240943,2023-08-11,09:12:00
BR-M,베어링 (중형),340,340,E-2,FLNG-240933,2023-08-11,12:19:00
ST-010,후판 (10mm),92,201,E-3,LNGC-240947,2023-08-11,13:01:00
PP-150,파이프 (150mm),186,144,D-3,FLNG-240905,2023-08-11,13:41:00
CB-001,케이블 (통신용),398,189,A-2,ULCS-240935,2023-08-11,13:43:00
ST-030,후판 (30mm),84,84,B-3,FLNG-240917,2023-08-11,14:29:00
PP-150,파이프 (150mm),316,386,A-2,VLCC-240968,2023-08-11,15:44:00
BR-S,베어링 (소형),168,125,E-1,LNGC-240920,2023-08-11,15:57:00
CB-001,케이블 (전력용),385,306,D-1,FLNG-240921,2023-08-11,16:14:00
WL-001,용접봉 (6010),109,216,A-3,LNGC-240958,2023-08-11,19:21:00
WL-001,용접봉 (6010),288,229,E-3,LNGC-240973,2023-08-11,19:22:00
PP-100,파이프 (100mm),197,38,D-3,FLNG-240994,2023-08-11,19:51:00
PP-200,파이프 (200mm),209,6,B-2,FLNG-240979,2023-08-11,20:44:00
ST-010,후판 (10mm),302,146,D-2,LNGC-240938,2023-08-11,21:52:00
PP-200,파이프 (200mm),27,81,A-2,FPSO-240951,2023-08-11,22:31:00
PP-150,파이프 (150mm),104,93,D-1,FPSO-240996,2023-08-11,22:36:00
BR-S,베어링 (소형),94,127,A-3,FPSO-240924,2023-08-11,23:04:00
ST-030,후판 (30mm),211,146,B-2,LNGC-240976,2023-08-12,00:37:00
BR-L,베어링 (대형),106,79,A-3,VLCC-240913,2023-08-12,00:44:00
WL-001,용접봉 (7018),289,80,E-3,LNGC-240974,2023-08-12,01:03:00
ST-020,후판 (20mm),295,294,D-2,FLNG-240942,2023-08-12,01:04:00
WL-001,용접봉 (7018),212,276,E-2,FLNG-240971,2023-08-12,01:08:00
BR-M,베어링 (중형),147,45,E-1,FLNG-240960,2023-08-12,01:58:00
PP-200,파이프 (200mm),431,216,B-3,FLNG-240959,2023-08-12,02:16:00
ST-030,후판 (30mm),90,301,E-3,LNGC-240994,2023-08-12,02:39:00
CB-001,케이블 (전력용),92,86,A-3,FPSO-240995,2023-08-12,03:38:00
PP-200,파이프 (200mm),190,86,D-3,VLCC-240936,2023-08-12,03:48:00
WL-001,용접봉 (6013),79,82,E-1,FLNG-240915,2023-08-12,03:53:00
PP-150,파이프 (150mm),20,677,A-2,FLNG-240902,2023-08-12,04:00:00
WL-001,용접봉 (6013),130,9,B-2,VLCC-240998,2023-08-12,04:28:00
CB-001,케이블 (통신용),116,162,D-2,VLCC-240926,2023-08-12,04:42:00
WL-001,용접봉 (7018),355,688,E-1,FLNG-240943,2023-08-12,04:54:00
CB-001,케이블 (통신용),4,31,D-1,FLNG-240926,2023-08-12,05:03:00
ST-030,후판 (30mm),28,165,D-2,FLNG-240964,2023-08-12,05:37:00
WL-001,용접봉 (6010),48,72,B-2,LNGC-240922,2023-08-12,05:47:00
ST-030,후판 (30mm),326,326,C-2,ULCS-240937,2023-08-12,05:53:00
CB-001,케이블 (통신용),486,254,C-2,LNGC-240988,2023-08-12,05:56:00
ST-030,후판 (30mm),61,10,B-2,FLNG-240973,2023-08-12,05:58:00
PP-100,파이프 (100mm),79,0,B-2,VLCC-240960,2023-08-12,06:32:00
WL-001,용접봉 (6010),157,97,E-3,VLCC-240996,2023-08-12,06:53:00
PP-200,파이프 (200mm),162,207,C-1,FLNG-240955,2023-08-12,06:57:00
CB-001,케이블 (통신용),239,145,A-2,FPSO-240976,2023-08-12,06:58:00
CB-001,케이블 (전력용),29,85,E-1,VLCC-240940,2023-08-12,07:25:00
WL-001,용접봉 (6010),221,309,E-1,FPSO-240933,2023-08-12,08:32:00
PP-150,파이프 (150mm),206,367,C-1,FLNG-240934,2023-08-12,08:48:00
ST-010,후판 (10mm),29,114,C-2,FLNG-240946,2023-08-12,08:56:00
BR-L,베어링 (대형),35,2,E-2,LNGC-240981,2023-08-12,09:21:00
PP-200,파이프 (200mm),0,104,D-3,ULCS-240940,2023-08-12,09:25:00
ST-010,후판 (10mm),205,145,B-1,VLCC-240988,2023-08-12,10:04:00
ST-020,후판 (20mm),30,30,E-3,FLNG-240953,2023-08-12,10:05:00
PP-100,파이프 (100mm),207,57,D-3,LNGC-240929,2023-08-12,10:09:00
CB-001,케이블 (전력용),146,13,D-2,LNGC-240980,2023-08-12,10:26:00
ST-030,후판 (30mm),210,151,C-2,FPSO-240901,2023-08-12,10:30:00
BR-L,베어링 (대형),137,28,A-3,VLCC-240954,2023-08-12,10:34:00
PP-150,파이프 (150mm),198,289,A-2,LNGC-240995,2023-08-12,10:54:00
BR-S,베어링 (소형),237,128,C-1,FLNG-240962,2023-08-12,11:06:00
CB-001,케이블 (통신용),463,362,D-1,FLNG-240938,2023-08-12,11:08:00
WL-001,용접봉 (6013),26,67,C-3,FLNG-240914,2023-08-12,11:11:00
CB-001,케이블 (통신용),263,184,A-2,FPSO-240906,2023-08-12,11:40:00
CB-001,케이블 (통신용),75,75,C-3,FLNG-240930,2023-08-12,13:01:00
PP-200,파이프 (200mm),317,317,C-1,FLNG-240965,2023-08-12,13:13:00
ST-030,후판 (30mm),10,57,C-2,FLNG-240911,2023-08-12,13:21:00
ST-030,후판 (30mm),257,256,D-2,FLNG-240976,2023-08-12,14:15:00
ST-010,후판 (10mm),20,136,C-3,VLCC-240972,2023-08-12,14:22:00
PP-150,파이프 (150mm),869,705,C-1,FLNG-240913,2023-08-12,14:40:00
PP-150,파이프 (150mm),128,11,B-2,FLNG-240942,2023-08-12,14:50:00
ST-030,후판 (30mm),555,174,E-3,FPSO-240916,2023-08-12,14:57:00
CB-001,케이블 (전력용),193,184,D-1,FLNG-240991,2023-08-12,15:41:00
CB-001,케이블 (통신용),371,207,E-1,LNGC-240984,2023-08-12,15:56:00
ST-010,후판 (10mm),163,196,D-3,FLNG-240982,2023-08-12,16:12:00
ST-010,후판 (10mm),105,2,E-3,FLNG-240993,2023-08-12,16:18:00
ST-030,후판 (30mm),589,137,C-3,LNGC-240948,2023-08-12,16:33:00
WL-001,용접봉 (6010),454,395,E-1,VLCC-240921,2023-08-12,16:58:00
CB-001,케이블 (전력용),38,127,D-1,FLNG-240957,2023-08-12,17:17:00
BR-M,베어링 (중형),89,110,C-1,FLNG-240988,2023-08-12,17:38:00
BR-M,베어링 (중형),406,470,B-1,FLNG-240902,2023-08-12,17:43:00
ST-030,후판 (30mm),361,479,E-3,FLNG-240981,2023-08-12,19:20:00
PP-150,파이프 (150mm),120,131,D-1,FLNG-240967,2023-08-12,19:26:00
WL-001,용접봉 (6013),161,153,E-3,FLNG-240909,2023-08-12,21:18:00
CB-001,케이블 (통신용),13,13,E-2,FLNG-240998,2023-08-12,21:50:00
ST-010,후판 (10mm),58,202,D-3,FLNG-240900,2023-08-12,23:25:00
CB-001,케이블 (전력용),101,101,A-1,FLNG-240910,2023-08-13,00:26:00
ST-030,후판 (30mm),682,301,E-3,FLNG-240977,2023-08-13,00:31:00
BR-S,베어링 (소형),213,5,E-2,LNGC-240981,2023-08-13,00:39:00
PP-150,파이프 (150mm),302,412,A-2,LNGC-240986,2023-08-13,00:50:00
PP-200,파이프 (200mm),529,542,B-2,LNGC-240936,2023-08-13,00:51:00
ST-020,후판 (20mm),157,63,A-1,FLNG-240910,2023-08-13,01:13:00
PP-150,파이프 (150mm),115,122,B-2,FLNG-240917,2023-08-13,02:14:00
ST-030,후판 (30mm),173,185,C-2,FPSO-240961,2023-08-13,02:17:00
ST-010,후판 (10mm),34,33,B-1,FLNG-240966,2023-08-13,03:12:00
PP-150,파이프 (150mm),164,28,D-1,FLNG-240909,2023-08-13,03:51:00
ST-020,후판 (20mm),245,415,C-2,FLNG-240951,2023-08-13,04:35:00
BR-L,베어링 (대형),356,161,C-1,FLNG-240949,2023-08-13,05:02:00
CB-001,케이블 (전력용),119,208,C-1,FLNG-240987,2023-08-13,05:41:00
CB-001,케이블 (통신용),208,457,C-2,FLNG-240980,2023-08-13,06:25:00
WL-001,용접봉 (6010),53,95,E-2,LNGC-240972,2023-08-13,07:09:00
BR-L,베어링 (대형),0,0,E-1,FPSO-240981,2023-08-13,08:03:00
CB-001,케이블 (전력용),0,170,A-2,ULCS-240987,2023-08-13,08:13:00
CB-001,케이블 (전력용),178,241,C-2,FLNG-240972,2023-08-13,10:15:00
ST-020,후판 (20mm),402,393,D-2,FLNG-240988,2023-08-13,10:23:00
BR-M,베어링 (중형),308,247,E-2,LNGC-240963,2023-08-13,11:49:00
BR-S,베어링 (소형),206,74,E-1,LNGC-240968,2023-08-13,12:52:00
ST-010,후판 (10mm),347,16,D-3,FLNG-240956,2023-08-13,15:30:00
CB-001,케이블 (통신용),244,496,C-1,FLNG-240955,2023-08-13,16:20:00
WL-001,용접봉 (6013),127,155,B-2,FLNG-240908,2023-08-13,16:24:00
ST-020,후판 (20mm),8,8,C-2,VLCC-240964,2023-08-13,18:49:00
CB-001,케이블 (전력용),499,499,C-3,FLNG-240928,2023-08-13,19:47:00
ST-010,후판 (10mm),134,60,B-3,FLNG-240960,2023-08-13,19:53:00
BR-M,베어링 (중형),60,143,C-1,VLCC-240949,2023-08-13,20:04:00
WL-001,용접봉 (7018),59,19,A-3,FPSO-240951,2023-08-13,20:10:00
CB-001,케이블 (전력용),352,52,C-3,FLNG-240966,2023-08-13,20:40:00
BR-L,베어링 (대형),566,441,C-1,FLNG-240998,2023-08-13,21:31:00
PP-200,파이프 (200mm),222,222,C-1,FLNG-240993,2023-08-13,21:46:00
WL-001,용접봉 (6013),189,99,B-2,FLNG-240908,2023-08-13,23:05:00
ST-030,후판 (30mm),194,444,B-1,ULCS-240956,2023-08-14,00:06:00
PP-200,파이프 (200mm),209,64,C-1,FLNG-240958,2023-08-14,00:59:00
BR-M,베어링 (중형),713,128,E-1,FLNG-240900,2023-08-14,01:31:00
ST-020,후판 (20mm),294,258,E-3,FLNG-240964,2023-08-14,02:43:00
BR-S,베어링 (소형),35,104,C-1,VLCC-240937,2023-08-14,03:38:00
ST-020,후판 (20mm),100,197,C-3,FLNG-240990,2023-08-14,03:51:00
ST-010,후판 (10mm),127,100,E-3,FPSO-240914,2023-08-14,03:51:00
PP-100,파이프 (100mm),301,301,D-2,FLNG-240938,2023-08-14,03:56:00
BR-M,베어링 (중형),39,60,C-1,FLNG-240920,2023-08-14,04:09:00
ST-030,후판 (30mm),467,215,D-3,VLCC-240953,2023-08-14,06:38:00
PP-200,파이프 (200mm),435,280,D-2,LNGC-240990,2023-08-14,06:46:00
CB-001,케이블 (통신용),282,610,A-3,FLNG-240908,2023-08-14,09:06:00
BR-M,베어링 (중형),21,40,A-1,FLNG-240925,2023-08-14,10:07:00
PP-150,파이프 (150mm),24,267,C-1,FPSO-240934,2023-08-14,11:01:00
ST-020,후판 (20mm),77,149,A-1,FLNG-240963,2023-08-14,11:19:00
ST-030,후판 (30mm),334,63,E-3,FLNG-240930,2023-08-14,11:19:00
WL-001,용접봉 (6013),120,130,E-1,FLNG-240964,2023-08-14,11:45:00
BR-S,베어링 (소형),116,27,B-1,FPSO-240914,2023-08-14,11:56:00
WL-001,용접봉 (7018),662,549,B-2,FPSO-240940,2023-08-14,12:24:00
ST-030,후판 (30mm),203,356,D-3,FLNG-240973,2023-08-14,13:10:00
ST-030,후판 (30mm),169,263,B-2,FLNG-240919,2023-08-14,13:43:00
WL-001,용접봉 (7018),94,74,A-3,FLNG-240951,2023-08-14,14:28:00
PP-100,파이프 (100mm),834,109,D-2,FPSO-240919,2023-08-14,15:16:00
ST-020,후판 (20mm),74,74,C-2,FLNG-240914,2023-08-14,15:22:00
BR-S,베어링 (소형),61,115,A-1,FPSO-240929,2023-08-14,15:36:00
WL-001,용접봉 (6013),56,523,E-2,VLCC-240995,2023-08-14,16:08:00
CB-001,케이블 (전력용),214,137,A-1,FLNG-240950,2023-08-14,17:03:00
CB-001,케이블 (통신용),108,175,C-1,FLNG-240937,2023-08-14,18:06:00
BR-L,베어링 (대형),241,132,A-3,FLNG-240933,2023-08-14,18:27:00
BR-S,베어링 (소형),200,16,E-1,FLNG-240953,2023-08-14,18:59:00
WL-001,용접봉 (6013),51,28,A-3,FLNG-240965,2023-08-14,19:04:00
ST-010,후판 (10mm),296,144,D-2,FLNG-240969,2023-08-14,19:08:00
BR-M,베어링 (중형),34,6,E-2,FLNG-240965,2023-08-14,19:17:00
CB-001,케이블 (전력용),85,71,D-2,LNGC-240914,2023-08-14,20:08:00
ST-010,후판 (10mm),548,588,B-1,FPSO-240918,2023-08-14,21:37:00
WL-001,용접봉 (6013),92,176,E-1,FPSO-240982,2023-08-14,23:04:00
CB-001,케이블 (통신용),129,129,E-2,LNGC-240937,2023-08-14,23:12:00
PP-200,파이프 (200mm),586,580,D-2,FLNG-240933,2023-08-14,23:27:00
ST-020,후판 (20mm),50,106,C-3,FLNG-240923,2023-08-15,00:27:00
ST-010,후판 (10mm),268,224,B-1,LNGC-240900,2023-08-15,00:48:00
CB-001,케이블 (전력용),159,48,C-2,FLNG-240936,2023-08-15,01:51:00
PP-100,파이프 (100mm),130,283,B-3,VLCC-240973,2023-08-15,01:59:00
ST-010,후판 (10mm),86,73,B-2,VLCC-240913,2023-08-15,02:11:00
PP-100,파이프 (100mm),142,225,B-3,LNGC-240927,2023-08-15,03:19:00
ST-030,후판 (30mm),166,166,C-2,LNGC-240935,2023-08-15,03:45:00
PP-150,파이프 (150mm),522,0,D-2,FLNG-240909,2023-08-15,03:49:00
PP-100,파이프 (100mm),115,173,D-3,FLNG-240984,2023-08-15,03:50:00
PP-150,파이프 (150mm),81,18,D-3,VLCC-240907,2023-08-15,03:57:00
CB-001,케이블 (전력용),49,60,D-1,ULCS-240946,2023-08-15,05:56:00
WL-001,용접봉 (7018),157,157,E-2,VLCC-240902,2023-08-15,06:35:00
BR-L,베어링 (대형),49,454,C-1,LNGC-240998,2023-08-15,07:21:00
ST-010,후판 (10mm),158,183,C-2,FLNG-240970,2023-08-15,07:21:00
WL-001,용접봉 (7018),257,257,E-2,FLNG-240985,2023-08-15,08:09:00
BR-L,베어링 (대형),185,166,A-3,FPSO-240922,2023-08-15,11:14:00
PP-150,파이프 (150mm),209,244,C-1,FLNG-240969,2023-08-15,13:16:00
PP-200,파이프 (200mm),117,91,B-3,FPSO-240953,2023-08-15,14:06:00
ST-030,후판 (30mm),68,468,D-3,FPSO-240959,2023-08-15,14:18:00
ST-020,후판 (20mm),67,58,E-3,LNGC-240991,2023-08-15,14:51:00
ST-020,후판 (20mm),224,60,D-3,FPSO-240921,2023-08-15,16:31:00
ST-010,후판 (10mm),163,65,D-2,VLCC-240935,2023-08-15,16:37:00
WL-001,용접봉 (7018),230,233,A-3,FPSO-240951,2023-08-15,17:02:00
CB-001,케이블 (통신용),34,3,A-3,LNGC-240978,2023-08-15,17:46:00
BR-M,베어링 (중형),107,117,A-3,LNGC-240907,2023-08-15,18:42:00
CB-001,케이블 (통신용),181,15,D-2,VLCC-240977,2023-08-15,19:11:00
ST-020,후판 (20mm),360,74,E-3,FPSO-240971,2023-08-15,19:16:00
BR-L,베어링 (대형),612,612,E-1,FLNG-240971,2023-08-15,20:08:00
PP-150,파이프 (150mm),23,33,C-1,FLNG-240943,2023-08-15,20:13:00
BR-L,베어링 (대형),29,29,B-1,FLNG-240903,2023-08-15,20:20:00
CB-001,케이블 (전력용),197,83,E-2,LNGC-240977,2023-08-15,20:43:00
CB-001,케이블 (통신용),313,29,D-1,FLNG-240910,2023-08-15,22:26:00
PP-150,파이프 (150mm),60,12,D-1,FPSO-240979,2023-08-15,22:51:00
WL-001,용접봉 (6013),15,13,E-1,FLNG-240927,2023-08-15,23:05:00
PP-200,파이프 (200mm),562,489,D-1,VLCC-240903,2023-08-15,23:40:00
CB-001,케이블 (전력용),88,220,D-1,LNGC-240989,2023-08-16,00:40:00
CB-001,케이블 (통신용),72,131,D-1,VLCC-240982,2023-08-16,01:24:00
BR-L,베어링 (대형),349,330,A-1,VLCC-240940,2023-08-16,01:50:00
PP-150,파이프 (150mm),147,634,C-1,ULCS-240918,2023-08-16,02:52:00
CB-001,케이블 (통신용),632,241,C-3,LNGC-240935,2023-08-16,02:59:00
CB-001,케이블 (통신용),229,214,A-2,FPSO-240989,2023-08-16,03:34:00
PP-200,파이프 (200mm),201,14,C-1,LNGC-240989,2023-08-16,03:42:00
ST-020,후판 (20mm),40,79,E-3,FPSO-240967,2023-08-16,03:50:00
ST-010,후판 (10mm),221,134,C-2,VLCC-240943,2023-08-16,05:20:00
ST-030,후판 (30mm),26,26,C-2,LNGC-240946,2023-08-16,05:23:00
CB-001,케이블 (전력용),156,32,E-1,FLNG-240971,2023-08-16,06:28:00
WL-001,용접봉 (7018),97,110,E-3,FPSO-240973,2023-08-16,08:05:00
PP-150,파이프 (150mm),82,365,D-2,LNGC-240902,2023-08-16,08:10:00
WL-001,용접봉 (6010),498,543,E-1,FPSO-240959,2023-08-16,08:38:00
CB-001,케이블 (전력용),138,86,A-1,FLNG-240908,2023-08-16,09:15:00
ST-020,후판 (20mm),70,70,C-2,VLCC-240982,2023-08-16,09:44:00
ST-010,후판 (10mm),126,457,D-2,FPSO-240983,2023-08-16,11:01:00
ST-020,후판 (20mm),31,142,B-2,FLNG-240956,2023-08-16,11:55:00
PP-100,파이프 (100mm),455,544,D-2,FLNG-240914,2023-08-16,12:00:00
WL-001,용접봉 (7018),13,23,E-1,FPSO-240907,2023-08-16,13:38:00
PP-100,파이프 (100mm),144,206,C-1,VLCC-240900,2023-08-16,13:54:00
ST-020,후판 (20mm),52,95,B-1,FLNG-240970,2023-08-16,14:26:00
PP-150,파이프 (150mm),23,66,D-1,FLNG-240989,2023-08-16,15:03:00
CB-001,케이블 (통신용),266,384,D-2,LNGC-240958,2023-08-16,17:05:00
CB-001,케이블 (통신용),313,483,E-1,FLNG-240947,2023-08-16,18:32:00
PP-150,파이프 (150mm),73,771,C-1,FLNG-240970,2023-08-16,18:54:00
CB-001,케이블 (통신용),60,35,D-1,FPSO-240909,2023-08-16,19:13:00
BR-S,베어링 (소형),41,130,B-1,VLCC-240980,2023-08-16,19:23:00
CB-001,케이블 (통신용),45,235,C-3,FLNG-240932,2023-08-16,20:17:00
PP-200,파이프 (200mm),285,280,B-3,ULCS-240973,2023-08-16,20:30:00
CB-001,케이블 (통신용),160,128,A-1,VLCC-240976,2023-08-16,21:11:00
CB-001,케이블 (통신용),62,385,C-2,FLNG-240938,2023-08-16,21:13:00
BR-M,베어링 (중형),519,102,A-1,FLNG-240955,2023-08-16,21:21:00
CB-001,케이블 (통신용),16,5,E-1,FLNG-240919,2023-08-16,22:01:00
ST-030,후판 (30mm),51,51,C-2,ULCS-240998,2023-08-16,22:45:00
ST-020,후판 (20mm),426,110,E-3,LNGC-240931,2023-08-16,23:23:00
ST-020,후판 (20mm),81,34,B-1,FLNG-240966,2023-08-16,23:40:00
PP-100,파이프 (100mm),22,4,D-3,FLNG-240933,2023-08-17,00:32:00
ST-030,후판 (30mm),114,231,E-3,VLCC-240913,2023-08-17,01:24:00
PP-200,파이프 (200mm),86,89,B-3,LNGC-240955,2023-08-17,01:30:00
ST-030,후판 (30mm),370,370,B-1,FLNG-240931,2023-08-17,02:07:00
ST-020,후판 (20mm),581,362,D-2,LNGC-240901,2023-08-17,02:21:00
WL-001,용접봉 (7018),198,8,A-3,FLNG-240999,2023-08-17,02:44:00
ST-010,후판 (10mm),584,473,D-3,VLCC-240966,2023-08-17,02:48:00
PP-200,파이프 (200mm),105,46,D-1,VLCC-240977,2023-08-17,02:51:00
CB-001,케이블 (통신용),72,19,C-1,LNGC-240922,2023-08-17,02:55:00
WL-001,용접봉 (7018),464,571,B-2,ULCS-240987,2023-08-17,04:21:00
CB-001,케이블 (통신용),145,221,D-1,FLNG-240985,2023-08-17,05:18:00
ST-010,후판 (10mm),338,91,B-2,LNGC-240942,2023-08-17,06:14:00
ST-020,후판 (20mm),310,271,D-2,FLNG-240951,2023-08-17,06:15:00
BR-L,베어링 (대형),248,71,E-1,LNGC-240910,2023-08-17,06:43:00
PP-200,파이프 (200mm),89,250,D-2,ULCS-240977,2023-08-17,06:49:00
ST-010,후판 (10mm),76,222,E-3,FLNG-240925,2023-08-17,06:55:00
WL-001,용접봉 (7018),356,228,B-2,FPSO-240984,2023-08-17,07:28:00
BR-M,베어링 (중형),158,247,E-2,FLNG-240969,2023-08-17,07:44:00
CB-001,케이블 (통신용),105,158,C-1,LNGC-240929,2023-08-17,07:55:00
ST-030,후판 (30mm),134,43,B-3,FLNG-240923,2023-08-17,08:36:00
PP-200,파이프 (200mm),71,38,A-2,FPSO-240932,2023-08-17,09:07:00
PP-150,파이프 (150mm),293,678,B-3,FLNG-240938,2023-08-17,10:39:00
BR-L,베어링 (대형),19,196,E-1,FLNG-240960,2023-08-17,11:16:00
ST-010,후판 (10mm),21,18,B-2,FPSO-240953,2023-08-17,11:29:00
WL-001,용접봉 (6010),28,189,E-3,ULCS-240941,2023-08-17,12:35:00
CB-001,케이블 (통신용),128,66,A-3,FLNG-240953,2023-08-17,14:25:00
ST-030,후판 (30mm),260,114,B-2,VLCC-240979,2023-08-17,14:43:00
ST-030,후판 (30mm),42,10,B-1,LNGC-240919,2023-08-17,15:55:00
ST-030,후판 (30mm),294,294,A-1,VLCC-240997,2023-08-17,16:09:00
ST-030,후판 (30mm),128,110,A-1,FLNG-240971,2023-08-17,19:02:00
BR-S,베어링 (소형),51,53,E-1,LNGC-240997,2023-08-17,20:43:00
PP-150,파이프 (150mm),295,158,D-3,FLNG-240981,2023-08-17,20:59:00
WL-001,용접봉 (6010),337,101,E-1,LNGC-240967,2023-08-17,21:32:00
BR-S,베어링 (소형),93,146,C-1,VLCC-240902,2023-08-17,22:21:00
PP-150,파이프 (150mm),430,91,B-3,FPSO-240927,2023-08-17,22:35:00
PP-200,파이프 (200mm),106,136,D-1,FLNG-240961,2023-08-18,00:46:00
CB-001,케이블 (통신용),101,103,D-2,FLNG-240982,2023-08-18,01:00:00
PP-150,파이프 (150mm),281,82,D-3,FPSO-240974,2023-08-18,01:09:00
PP-200,파이프 (200mm),344,270,A-2,FLNG-240905,2023-08-18,01:52:00
WL-001,용접봉 (7018),494,613,B-2,ULCS-240924,2023-08-18,02:19:00
ST-020,후판 (20mm),102,135,D-3,FLNG-240920,2023-08-18,02:39:00
ST-020,후판 (20mm),470,412,E-3,FPSO-240960,2023-08-18,02:45:00
PP-150,파이프 (150mm),223,223,A-2,FPSO-240957,2023-08-18,03:47:00
CB-001,케이블 (통신용),87,102,D-1,FLNG-240931,2023-08-18,03:48:00
BR-L,베어링 (대형),12,133,A-3,LNGC-240967,2023-08-18,04:18:00
BR-S,베어링 (소형),198,198,B-1,FPSO-240907,2023-08-18,04:55:00
WL-001,용접봉 (7018),553,333,E-3,FLNG-240922,2023-08-18,05:12:00
PP-150,파이프 (150mm),20,20,A-2,FLNG-240914,2023-08-18,06:11:00
CB-001,케이블 (통신용),528,27,A-1,VLCC-240942,2023-08-18,07:10:00
CB-001,케이블 (전력용),60,122,A-3,LNGC-240985,2023-08-18,07:31:00
ST-030,후판 (30mm),461,296,B-2,FPSO-240936,2023-08-18,08:29:00
CB-001,케이블 (통신용),227,29,E-1,FLNG-240906,2023-08-18,09:22:00
ST-010,후판 (10mm),90,8,D-2,FLNG-240934,2023-08-18,09:25:00
ST-010,후판 (10mm),629,315,A-1,FLNG-240940,2023-08-18,09:29:00
PP-200,파이프 (200mm),304,219,C-1,ULCS-240913,2023-08-18,09:37:00
ST-030,후판 (30mm),528,461,C-3,VLCC-240963,2023-08-18,09:40:00
CB-001,케이블 (통신용),330,68,C-2,VLCC-240966,2023-08-18,11:28:00
CB-001,케이블 (전력용),55,155,A-3,FLNG-240920,2023-08-18,12:28:00
BR-L,베어링 (대형),158,232,E-2,VLCC-240972,2023-08-18,13:30:00
ST-010,후판 (10mm),159,142,C-2,FLNG-240931,2023-08-18,14:03:00
CB-001,케이블 (통신용),106,24,D-2,FLNG-240986,2023-08-18,14:14:00
CB-001,케이블 (전력용),111,111,C-1,VLCC-240967,2023-08-18,14:16:00
WL-001,용접봉 (6013),143,5,E-2,FLNG-240969,2023-08-18,14:59:00
ST-030,후판 (30mm),704,139,C-2,FPSO-240911,2023-08-18,15:06:00
ST-030,후판 (30mm),234,149,C-2,FLNG-240981,2023-08-18,15:54:00
CB-001,케이블 (전력용),203,71,D-1,LNGC-240919,2023-08-18,17:57:00
WL-001,용접봉 (6013),33,10,E-2,LNGC-240948,2023-08-18,18:43:00
ST-010,후판 (10mm),539,469,B-1,VLCC-240946,2023-08-18,19:23:00
CB-001,케이블 (전력용),10,48,C-2,FLNG-240990,2023-08-18,19:30:00
CB-001,케이블 (통신용),27,33,A-3,LNGC-240976,2023-08-18,19:48:00
CB-001,케이블 (통신용),402,281,D-1,LNGC-240981,2023-08-18,20:39:00
PP-150,파이프 (150mm),354,672,D-2,FPSO-240903,2023-08-18,20:55:00
BR-L,베어링 (대형),115,115,B-1,FLNG-240976,2023-08-18,21:28:00
BR-S,베어링 (소형),48,48,A-1,LNGC-240962,2023-08-18,23:07:00
PP-200,파이프 (200mm),83,339,B-3,FPSO-240982,2023-08-18,23:22:00
ST-020,후판 (20mm),708,513,B-2,LNGC-240937,2023-08-19,00:59:00
WL-001,용접봉 (6010),511,268,A-3,FLNG-240952,2023-08-19,01:00:00
ST-010,후판 (10mm),284,213,B-2,FLNG-240953,2023-08-19,02:11:00
BR-S,베어링 (소형),435,87,A-3,FLNG-240917,2023-08-19,03:55:00
PP-200,파이프 (200mm),108,108,D-3,VLCC-240994,2023-08-19,04:13:00
PP-200,파이프 (200mm),0,0,D-3,LNGC-240906,2023-08-19,06:24:00
BR-S,베어링 (소형),174,179,E-1,FLNG-240949,2023-08-19,06:45:00
PP-150,파이프 (150mm),284,278,D-2,LNGC-240976,2023-08-19,09:00:00
ST-020,후판 (20mm),204,204,C-2,FPSO-240932,2023-08-19,09:26:00
CB-001,케이블 (통신용),462,462,C-1,LNGC-240919,2023-08-19,09:46:00
WL-001,용접봉 (7018),104,30,B-2,FLNG-240926,2023-08-19,10:45:00
CB-001,케이블 (전력용),1,1,A-3,FLNG-240930,2023-08-19,12:00:00
ST-030,후판 (30mm),85,67,C-2,FLNG-240950,2023-08-19,13:06:00
WL-001,용접봉 (6013),101,122,E-3,LNGC-240986,2023-08-19,13:07:00
PP-100,파이프 (100mm),278,183,D-2,FLNG-240927,2023-08-19,14:55:00
ST-010,후판 (10mm),87,13,D-2,FPSO-240953,2023-08-19,15:12:00
ST-010,후판 (10mm),356,39,E-3,VLCC-240958,2023-08-19,16:31:00
ST-020,후판 (20mm),20,49,B-1,FLNG-240943,2023-08-19,17:03:00
CB-001,케이블 (통신용),281,49,D-1,VLCC-240932,2023-08-19,17:24:00
BR-S,베어링 (소형),291,184,C-1,FLNG-240902,2023-08-19,17:38:00
ST-030,후판 (30mm),756,632,D-3,FLNG-240969,2023-08-19,18:33:00
WL-001,용접봉 (7018),231,160,E-2,FLNG-240900,2023-08-19,19:35:00
WL-001,용접봉 (6013),497,729,E-2,ULCS-240994,2023-08-19,20:10:00
ST-030,후판 (30mm),237,484,C-2,FLNG-240994,2023-08-19,20:22:00
WL-001,용접봉 (7018),304,558,E-3,LNGC-240999,2023-08-19,21:55:00
PP-200,파이프 (200mm),25,25,D-2,LNGC-240910,2023-08-19,21:57:00
ST-030,후판 (30mm),396,352,A-1,FLNG-240997,2023-08-19,23:01:00
WL-001,용접봉 (6010),147,550,A-3,FLNG-240921,2023-08-19,23:55:00
ST-010,후판 (10mm),491,44,B-1,LNGC-240936,2023-08-20,00:12:00
WL-001,용접봉 (6010),107,26,E-1,FLNG-240955,2023-08-20,00:13:00
CB-001,케이블 (전력용),21,71,E-1,FLNG-240960,2023-08-20,00:38:00
CB-001,케이블 (전력용),114,92,C-2,FPSO-240914,2023-08-20,01:29:00
PP-150,파이프 (150mm),394,249,A-2,FLNG-240922,2023-08-20,02:22:00
ST-010,후판 (10mm),0,23,C-2,VLCC-240933,2023-08-20,02:42:00
ST-020,후판 (20mm),155,159,B-1,FLNG-240988,2023-08-20,03:07:00
ST-030,후판 (30mm),389,429,E-3,LNGC-240993,2023-08-20,05:37:00
PP-200,파이프 (200mm),114,132,A-2,FLNG-240957,2023-08-20,05:50:00
CB-001,케이블 (통신용),113,131,A-3,FPSO-240900,2023-08-20,07:51:00
PP-200,파이프 (200mm),643,830,B-2,FLNG-240964,2023-08-20,08:00:00
PP-200,파이프 (200mm),426,280,D-2,LNGC-240973,2023-08-20,08:02:00
PP-150,파이프 (150mm),255,283,B-2,FLNG-240985,2023-08-20,09:14:00
CB-001,케이블 (통신용),201,62,C-1,FLNG-240963,2023-08-20,09:33:00
WL-001,용접봉 (7018),773,100,E-3,FLNG-240924,2023-08-20,09:48:00
BR-S,베어링 (소형),30,44,C-1,FLNG-240923,2023-08-20,10:05:00
ST-010,후판 (10mm),184,57,C-3,ULCS-240902,2023-08-20,10:14:00
CB-001,케이블 (전력용),146,107,C-3,LNGC-240984,2023-08-20,10:28:00
CB-001,케이블 (통신용),382,322,D-1,FLNG-240999,2023-08-20,11:13:00
BR-M,베어링 (중형),279,279,B-1,FLNG-240952,2023-08-20,12:08:00
CB-001,케이블 (전력용),67,17,A-2,FPSO-240917,2023-08-20,13:52:00
PP-100,파이프 (100mm),23,175,A-2,FLNG-240904,2023-08-20,13:52:00
PP-150,파이프 (150mm),149,171,D-3,LNGC-240904,2023-08-20,14:11:00
ST-010,후판 (10mm),169,67,C-3,VLCC-240985,2023-08-20,15:17:00
PP-150,파이프 (150mm),121,0,B-2,FLNG-240911,2023-08-20,16:48:00
WL-001,용접봉 (6013),52,6,B-2,FLNG-240932,2023-08-20,16:56:00
WL-001,용접봉 (6013),322,242,B-2,FLNG-240991,2023-08-20,19:05:00
ST-030,후판 (30mm),468,491,E-3,FPSO-240936,2023-08-20,19:17:00
PP-150,파이프 (150mm),4,69,B-3,FLNG-240921,2023-08-20,20:02:00
CB-001,케이블 (통신용),280,187,A-1,FPSO-240902,2023-08-20,20:13:00
WL-001,용접봉 (6013),82,208,B-2,FLNG-240927,2023-08-20,21:01:00
ST-030,후판 (30mm),152,686,E-3,VLCC-240933,2023-08-20,21:30:00
BR-M,베어링 (중형),115,74,C-1,FLNG-240985,2023-08-20,22:00:00
PP-150,파이프 (150mm),83,93,B-3,ULCS-240913,2023-08-20,22:37:00
BR-M,베어링 (중형),244,44,E-2,FLNG-240925,2023-08-20,23:20:00
PP-200,파이프 (200mm),331,608,D-1,LNGC-240928,2023-08-20,23:50:00
ST-030,후판 (30mm),184,216,B-1,FLNG-240980,2023-08-20,23:55:00
PP-150,파이프 (150mm),140,122,D-1,ULCS-240908,2023-08-21,00:13:00
WL-001,용접봉 (6013),27,159,E-1,FPSO-240937,2023-08-21,00:49:00
BR-M,베어링 (중형),679,679,B-1,FPSO-240921,2023-08-21,00:50:00
PP-200,파이프 (200mm),0,0,D-3,FLNG-240928,2023-08-21,01:32:00
ST-020,후판 (20mm),32,140,B-2,VLCC-240962,2023-08-21,01:40:00
PP-150,파이프 (150mm),308,219,D-2,FLNG-240958,2023-08-21,02:36:00
BR-L,베어링 (대형),577,70,B-1,FLNG-240926,2023-08-21,03:52:00
PP-100,파이프 (100mm),350,256,A-2,FPSO-240904,2023-08-21,03:55:00
PP-150,파이프 (150mm),35,56,B-2,LNGC-240921,2023-08-21,03:55:00
PP-150,파이프 (150mm),161,206,B-2,FLNG-240905,2023-08-21,05:10:00
CB-001,케이블 (전력용),61,36,E-2,FLNG-240911,2023-08-21,06:06:00
ST-010,후판 (10mm),709,764,B-1,ULCS-240952,2023-08-21,06:42:00
WL-001,용접봉 (6010),3,39,E-1,FLNG-240949,2023-08-21,07:13:00
ST-020,후판 (20mm),206,128,B-2,FPSO-240900,2023-08-21,07:26:00
WL-001,용접봉 (6010),1,19,B-2,FPSO-240950,2023-08-21,08:08:00
ST-010,후판 (10mm),705,544,D-3,FLNG-240921,2023-08-21,08:11:00
PP-100,파이프 (100mm),97,100,D-3,VLCC-240959,2023-08-21,08:14:00
ST-010,후판 (10mm),23,218,E-3,VLCC-240955,2023-08-21,08:19:00
CB-001,케이블 (통신용),295,246,C-2,FLNG-240938,2023-08-21,09:12:00
ST-020,후판 (20mm),232,114,B-2,VLCC-240958,2023-08-21,09:34:00
ST-020,후판 (20mm),119,132,D-2,FLNG-240923,2023-08-21,10:10:00
CB-001,케이블 (통신용),283,123,E-1,FLNG-240956,2023-08-21,11:40:00
PP-150,파이프 (150mm),8,8,B-2,VLCC-240973,2023-08-21,12:34:00
ST-030,후판 (30mm),206,435,E-3,FLNG-240971,2023-08-21,13:22:00
WL-001,용접봉 (6010),256,257,B-2,VLCC-240995,2023-08-21,13:39:00
CB-001,케이블 (통신용),515,139,C-3,VLCC-240999,2023-08-21,14:09:00
BR-S,베어링 (소형),16,256,A-3,FLNG-240939,2023-08-21,14:57:00
WL-001,용접봉 (6013),218,264,C-3,FLNG-240959,2023-08-21,15:27:00
BR-L,베어링 (대형),606,48,B-1,FLNG-240936,2023-08-21,15:55:00
ST-030,후판 (30mm),403,154,B-3,LNGC-240939,2023-08-21,16:24:00
WL-001,용접봉 (7018),74,219,E-3,LNGC-240911,2023-08-21,18:05:00
CB-001,케이블 (통신용),37,172,A-2,ULCS-240901,2023-08-21,18:41:00
BR-S,베어링 (소형),19,19,B-1,FLNG-240967,2023-08-21,18:48:00
ST-030,후판 (30mm),57,57,E-3,ULCS-240995,2023-08-21,19:54:00
WL-001,용접봉 (7018),490,345,E-2,LNGC-240902,2023-08-21,20:29:00
CB-001,케이블 (전력용),157,239,C-3,LNGC-240925,2023-08-21,22:28:00
WL-001,용접봉 (7018),418,159,E-1,FLNG-240974,2023-08-21,23:34:00
PP-200,파이프 (200mm),11,118,B-3,VLCC-240960,2023-08-22,01:32:00
ST-020,후판 (20mm),175,285,E-3,LNGC-240957,2023-08-22,02:56:00
PP-200,파이프 (200mm),283,50,B-3,VLCC-240980,2023-08-22,04:19:00
PP-150,파이프 (150mm),409,409,C-1,LNGC-240990,2023-08-22,05:42:00
ST-010,후판 (10mm),9,72,B-2,FPSO-240967,2023-08-22,06:22:00
BR-L,베어링 (대형),126,52,A-3,FLNG-240909,2023-08-22,07:54:00
ST-010,후판 (10mm),17,138,C-3,FLNG-240944,2023-08-22,08:35:00
PP-100,파이프 (100mm),643,558,D-2,FLNG-240995,2023-08-22,09:06:00
CB-001,케이블 (통신용),338,124,C-3,FPSO-240986,2023-08-22,09:36:00
PP-150,파이프 (150mm),191,114,D-2,FLNG-240970,2023-08-22,10:14:00
CB-001,케이블 (통신용),220,139,C-2,FPSO-240934,2023-08-22,10:49:00
ST-010,후판 (10mm),133,194,C-2,ULCS-240936,2023-08-22,11:37:00
ST-010,후판 (10mm),400,443,D-3,FPSO-240980,2023-08-22,13:21:00
ST-010,후판 (10mm),102,36,E-3,FLNG-240998,2023-08-22,13:43:00
BR-S,베어링 (소형),131,34,B-1,LNGC-240984,2023-08-22,14:27:00
BR-L,베어링 (대형),291,35,E-2,FPSO-240926,2023-08-22,15:56:00
CB-001,케이블 (전력용),32,41,E-2,VLCC-240987,2023-08-22,16:23:00
PP-150,파이프 (150mm),176,2,D-1,FLNG-240901,2023-08-22,17:18:00
CB-001,케이블 (전력용),637,164,A-2,FPSO-240946,2023-08-22,17:37:00
ST-010,후판 (10mm),27,18,C-2,LNGC-240985,2023-08-22,18:26:00
ST-030,후판 (30mm),20,151,C-2,LNGC-240962,2023-08-22,18:39:00
CB-001,케이블 (통신용),19,235,A-1,LNGC-240928,2023-08-22,18:47:00
CB-001,케이블 (통신용),101,119,D-1,LNGC-240934,2023-08-22,19:05:00
BR-S,베어링 (소형),208,56,E-1,FPSO-240931,2023-08-22,19:31:00
ST-010,후판 (10mm),240,243,C-2,FLNG-240959,2023-08-22,19:55:00
ST-010,후판 (10mm),228,441,B-1,ULCS-240966,2023-08-22,21:24:00
CB-001,케이블 (통신용),258,57,E-2,ULCS-240998,2023-08-22,21:43:00
WL-001,용접봉 (7018),82,1,E-1,FLNG-240953,2023-08-22,21:57:00
PP-100,파이프 (100mm),38,7,A-2,FLNG-240978,2023-08-22,22:04:00
ST-010,후판 (10mm),163,13,B-1,FLNG-240935,2023-08-22,22:13:00
WL-001,용접봉 (7018),29,71,A-3,LNGC-240985,2023-08-22,23:31:00
WL-001,용접봉 (6010),92,80,E-1,LNGC-240928,2023-08-22,23:45:00
ST-020,후판 (20mm),436,156,E-3,LNGC-240953,2023-08-22,23:58:00
CB-001,케이블 (통신용),400,469,E-2,FLNG-240935,2023-08-23,01:32:00
PP-100,파이프 (100mm),332,128,B-3,FLNG-240968,2023-08-23,01:35:00
PP-200,파이프 (200mm),62,62,D-3,ULCS-240952,2023-08-23,02:31:00
WL-001,용접봉 (6010),463,294,E-1,FLNG-240914,2023-08-23,05:22:00
ST-030,후판 (30mm),636,119,D-3,LNGC-240906,2023-08-23,05:50:00
BR-M,베어링 (중형),143,58,A-1,LNGC-240909,2023-08-23,06:31:00
WL-001,용접봉 (6010),22,468,E-3,FLNG-240919,2023-08-23,07:34:00
CB-001,케이블 (통신용),646,232,C-1,FLNG-240929,2023-08-23,08:45:00
WL-001,용접봉 (6010),175,111,C-3,FLNG-240952,2023-08-23,09:06:00
PP-100,파이프 (100mm),342,229,D-2,LNGC-240994,2023-08-23,09:11:00
PP-100,파이프 (100mm),130,685,D-2,LNGC-240965,2023-08-23,10:07:00
ST-020,후판 (20mm),14,5,D-3,FLNG-240987,2023-08-23,10:46:00
PP-200,파이프 (200mm),361,142,B-2,LNGC-240950,2023-08-23,13:05:00
PP-200,파이프 (200mm),490,1,A-2,LNGC-240983,2023-08-23,13:49:00
BR-S,베어링 (소형),409,72,A-3,LNGC-240964,2023-08-23,14:11:00
CB-001,케이블 (통신용),10,24,C-3,FPSO-240947,2023-08-23,14:15:00
CB-001,케이블 (통신용),210,81,C-1,FLNG-240920,2023-08-23,14:20:00
ST-010,후판 (10mm),56,160,C-2,VLCC-240995,2023-08-23,14:45:00
ST-030,후판 (30mm),133,16,D-2,LNGC-240900,2023-08-23,15:54:00
CB-001,케이블 (전력용),314,199,A-2,VLCC-240980,2023-08-23,16:19:00
PP-100,파이프 (100mm),57,113,C-1,FLNG-240953,2023-08-23,16:26:00
WL-001,용접봉 (7018),208,7,C-3,FPSO-240956,2023-08-23,17:06:00
PP-200,파이프 (200mm),279,182,D-3,FLNG-240935,2023-08-23,17:33:00
PP-150,파이프 (150mm),28,37,D-1,FLNG-240906,2023-08-23,18:40:00
PP-100,파이프 (100mm),245,45,B-3,FLNG-240906,2023-08-23,19:03:00
WL-001,용접봉 (7018),62,143,C-3,FLNG-240999,2023-08-23,20:27:00
ST-030,후판 (30mm),647,527,B-1,LNGC-240941,2023-08-23,21:17:00
CB-001,케이블 (전력용),51,88,C-1,FLNG-240903,2023-08-23,21:21:00
ST-010,후판 (10mm),0,122,E-3,LNGC-240901,2023-08-23,21:46:00
WL-001,용접봉 (7018),302,202,E-2,VLCC-240968,2023-08-23,22:19:00
PP-200,파이프 (200mm),34,131,A-2,FPSO-240907,2023-08-23,22:51:00
BR-S,베어링 (소형),114,19,B-1,FLNG-240912,2023-08-23,23:19:00
CB-001,케이블 (전력용),439,344,C-3,LNGC-240918,2023-08-23,23:35:00
ST-010,후판 (10mm),0,184,E-3,FLNG-240965,2023-08-23,23:39:00
BR-L,베어링 (대형),461,6,E-1,FLNG-240993,2023-08-24,00:02:00
BR-M,베어링 (중형),421,164,E-2,FLNG-240943,2023-08-24,00:12:00
ST-010,후판 (10mm),175,187,C-3,FPSO-240949,2023-08-24,00:56:00
ST-010,후판 (10mm),305,103,B-2,ULCS-240925,2023-08-24,01:11:00
CB-001,케이블 (통신용),331,244,A-2,VLCC-240986,2023-08-24,01:14:00
WL-001,용접봉 (6013),228,84,E-1,LNGC-240912,2023-08-24,02:39:00
PP-200,파이프 (200mm),542,299,D-1,LNGC-240934,2023-08-24,03:52:00
ST-010,후판 (10mm),0,142,C-2,FLNG-240967,2023-08-24,04:51:00
CB-001,케이블 (통신용),354,148,C-3,VLCC-240994,2023-08-24,04:57:00
PP-150,파이프 (150mm),30,40,D-3,FPSO-240938,2023-08-24,07:18:00
BR-L,베어링 (대형),266,96,B-1,FPSO-240923,2023-08-24,07:24:00
CB-001,케이블 (통신용),15,58,D-1,FPSO-240962,2023-08-24,08:15:00
PP-200,파이프 (200mm),384,299,D-3,ULCS-240945,2023-08-24,08:28:00
ST-010,후판 (10mm),71,236,B-1,FLNG-240971,2023-08-24,09:01:00
PP-100,파이프 (100mm),512,172,D-3,FLNG-240938,2023-08-24,10:09:00
PP-200,파이프 (200mm),30,25,D-3,VLCC-240944,2023-08-24,10:59:00
ST-010,후판 (10mm),195,328,E-3,FPSO-240970,2023-08-24,11:03:00
ST-030,후판 (30mm),53,151,D-3,LNGC-240918,2023-08-24,11:49:00
PP-150,파이프 (150mm),240,382,B-3,VLCC-240907,2023-08-24,12:13:00
PP-200,파이프 (200mm),59,66,B-2,FLNG-240962,2023-08-24,12:22:00
ST-030,후판 (30mm),523,30,E-3,FLNG-240975,2023-08-24,12:38:00
CB-001,케이블 (전력용),247,324,C-2,FLNG-240931,2023-08-24,13:34:00
PP-100,파이프 (100mm),42,110,D-3,FLNG-240926,2023-08-24,14:03:00
BR-L,베어링 (대형),8,8,A-1,FPSO-240978,2023-08-24,14:25:00
PP-100,파이프 (100mm),0,111,D-1,FPSO-240971,2023-08-24,15:06:00
ST-010,후판 (10mm),121,55,B-3,FPSO-240949,2023-08-24,16:05:00
BR-L,베어링 (대형),105,28,A-3,FLNG-240931,2023-08-24,16:16:00
ST-030,후판 (30mm),531,85,B-1,FLNG-240930,2023-08-24,18:43:00
BR-S,베어링 (소형),192,99,A-1,FLNG-240955,2023-08-24,19:44:00
ST-020,후판 (20mm),550,754,B-2,FPSO-240979,2023-08-24,20:26:00
CB-001,케이블 (통신용),206,438,A-1,FLNG-240933,2023-08-24,20:38:00
WL-001,용접봉 (7018),124,142,E-1,FLNG-240961,2023-08-24,20:38:00
CB-001,케이블 (통신용),291,131,A-1,FPSO-240912,2023-08-24,21:01:00
BR-M,베어링 (중형),13,49,C-1,FLNG-240918,2023-08-24,21:04:00
ST-010,후판 (10mm),552,746,A-1,FPSO-240985,2023-08-24,21:07:00
ST-020,후판 (20mm),57,344,B-3,LNGC-240905,2023-08-24,21:56:00
WL-001,용접봉 (6010),143,81,E-2,FLNG-240958,2023-08-24,21:59:00
ST-010,후판 (10mm),53,264,A-1,FLNG-240977,2023-08-24,22:31:00
PP-150,파이프 (150mm),81,226,A-2,FLNG-240901,2023-08-24,22:31:00
WL-001,용접봉 (7018),7,42,A-3,FLNG-240943,2023-08-25,00:59:00
PP-150,파이프 (150mm),132,215,B-3,VLCC-240977,2023-08-25,01:16:00
PP-150,파이프 (150mm),241,190,B-3,VLCC-240961,2023-08-25,02:15:00
ST-030,후판 (30mm),486,616,B-1,VLCC-240951,2023-08-25,02:48:00
WL-001,용접봉 (6010),5,21,E-3,LNGC-240929,2023-08-25,02:52:00
ST-010,후판 (10mm),252,312,B-2,ULCS-240947,2023-08-25,03:17:00
PP-100,파이프 (100mm),751,91,D-2,VLCC-240954,2023-08-25,03:19:00
BR-M,베어링 (중형),83,613,E-1,FLNG-240998,2023-08-25,03:35:00
ST-020,후판 (20mm),301,235,C-2,VLCC-240917,2023-08-25,03:50:00
PP-200,파이프 (200mm),18,18,A-2,VLCC-240930,2023-08-25,04:14:00
BR-M,베어링 (중형),373,44,A-1,LNGC-240978,2023-08-25,06:31:00
BR-S,베어링 (소형),179,175,B-1,LNGC-240942,2023-08-25,06:40:00
ST-030,후판 (30mm),83,273,D-3,LNGC-240990,2023-08-25,07:32:00
BR-S,베어링 (소형),219,62,B-1,LNGC-240971,2023-08-25,09:21:00
WL-001,용접봉 (7018),94,403,E-1,ULCS-240970,2023-08-25,09:52:00
CB-001,케이블 (통신용),263,52,C-3,FPSO-240993,2023-08-25,10:48:00
ST-030,후판 (30mm),358,476,B-1,FLNG-240944,2023-08-25,11:34:00
PP-150,파이프 (150mm),522,513,C-1,FPSO-240912,2023-08-25,11:54:00
BR-L,베어링 (대형),67,95,A-3,FLNG-240900,2023-08-25,12:27:00
CB-001,케이블 (통신용),180,120,A-1,FLNG-240904,2023-08-25,13:29:00
CB-001,케이블 (전력용),380,176,C-1,FPSO-240930,2023-08-25,13:48:00
CB-001,케이블 (통신용),316,351,E-2,FPSO-240991,2023-08-25,13:53:00
WL-001,용접봉 (6013),53,19,A-3,FLNG-240931,2023-08-25,13:55:00
WL-001,용접봉 (6010),370,302,E-3,LNGC-240969,2023-08-25,14:06:00
BR-L,베어링 (대형),348,64,E-1,FPSO-240951,2023-08-25,14:10:00
PP-200,파이프 (200mm),133,193,B-2,FLNG-240974,2023-08-25,14:15:00
ST-010,후판 (10mm),175,148,C-2,FLNG-240940,2023-08-25,14:34:00
PP-150,파이프 (150mm),176,134,D-1,LNGC-240946,2023-08-25,14:52:00
BR-M,베어링 (중형),150,94,A-3,FPSO-240968,2023-08-25,15:33:00
BR-L,베어링 (대형),33,173,E-2,FPSO-240993,2023-08-25,15:44:00
ST-030,후판 (30mm),392,454,A-1,LNGC-240933,2023-08-25,15:59:00
ST-030,후판 (30mm),384,384,B-1,FLNG-240910,2023-08-25,15:59:00
CB-001,케이블 (전력용),192,166,A-1,FPSO-240964,2023-08-25,16:06:00
ST-020,후판 (20mm),102,167,B-1,ULCS-240971,2023-08-25,16:31:00
BR-M,베어링 (중형),0,42,C-1,FLNG-240954,2023-08-25,16:51:00
WL-001,용접봉 (6010),119,243,C-3,VLCC-240994,2023-08-25,16:55:00
ST-010,후판 (10mm),217,28,C-2,FPSO-240907,2023-08-25,18:17:00
BR-L,베어링 (대형),87,29,C-1,FLNG-240962,2023-08-25,18:23:00
ST-020,후판 (20mm),620,17,C-2,FPSO-240988,2023-08-25,18:30:00
CB-001,케이블 (전력용),245,215,D-1,LNGC-240992,2023-08-25,18:57:00
CB-001,케이블 (전력용),117,126,D-2,FLNG-240938,2023-08-25,19:59:00
WL-001,용접봉 (6013),38,10,A-3,FLNG-240940,2023-08-25,20:10:00
BR-S,베어링 (소형),102,147,C-1,LNGC-240928,2023-08-25,21:32:00
PP-150,파이프 (150mm),22,255,D-3,FLNG-240920,2023-08-25,21:41:00
ST-020,후판 (20mm),31,31,C-3,LNGC-240998,2023-08-25,21:46:00
ST-020,후판 (20mm),144,132,C-2,VLCC-240957,2023-08-25,22:05:00
CB-001,케이블 (통신용),96,342,A-2,FPSO-240944,2023-08-25,22:14:00
CB-001,케이블 (전력용),6,51,A-2,LNGC-240907,2023-08-25,22:29:00
ST-020,후판 (20mm),102,201,A-1,FPSO-240910,2023-08-25,22:31:00
CB-001,케이블 (통신용),160,146,D-1,FPSO-240957,2023-08-25,22:33:00
WL-001,용접봉 (7018),157,122,B-2,LNGC-240978,2023-08-25,22:40:00
ST-010,후판 (10mm),53,41,C-3,LNGC-240923,2023-08-25,23:27:00
CB-001,케이블 (전력용),361,578,A-2,FLNG-240989,2023-08-26,00:57:00
ST-010,후판 (10mm),70,301,D-2,FLNG-240927,2023-08-26,01:32:00
CB-001,케이블 (통신용),170,386,D-1,FPSO-240944,2023-08-26,01:43:00
WL-001,용접봉 (6013),100,194,E-2,FPSO-240932,2023-08-26,02:07:00
WL-001,용접봉 (6010),97,97,A-3,VLCC-240916,2023-08-26,02:28:00
PP-150,파이프 (150mm),236,326,B-3,LNGC-240975,2023-08-26,02:42:00
CB-001,케이블 (통신용),360,235,C-1,VLCC-240990,2023-08-26,02:55:00
BR-M,베어링 (중형),194,217,E-2,FPSO-240915,2023-08-26,03:11:00
PP-100,파이프 (100mm),17,3,D-1,FLNG-240906,2023-08-26,03:31:00
WL-001,용접봉 (6010),446,30,A-3,FPSO-240919,2023-08-26,03:39:00
WL-001,용접봉 (6010),93,106,E-3,FLNG-240921,2023-08-26,04:10:00
ST-010,후판 (10mm),58,21,C-2,LNGC-240913,2023-08-26,04:57:00
ST-010,후판 (10mm),210,156,B-3,FLNG-240926,2023-08-26,05:00:00
BR-M,베어링 (중형),212,247,A-1,FLNG-240903,2023-08-26,05:30:00
CB-001,케이블 (통신용),19,40,A-2,FPSO-240904,2023-08-26,06:23:00
BR-L,베어링 (대형),62,150,A-1,FLNG-240970,2023-08-26,06:25:00
CB-001,케이블 (통신용),125,38,C-2,LNGC-240944,2023-08-26,07:14:00
ST-030,후판 (30mm),100,204,C-3,FLNG-240998,2023-08-26,07:27:00
ST-030,후판 (30mm),129,107,C-2,FPSO-240944,2023-08-26,07:32:00
CB-001,케이블 (통신용),360,364,C-3,FLNG-240949,2023-08-26,07:43:00
PP-100,파이프 (100mm),87,59,D-3,FPSO-240917,2023-08-26,08:14:00
CB-001,케이블 (전력용),188,26,C-3,LNGC-240929,2023-08-26,09:12:00
PP-100,파이프 (100mm),206,464,B-3,FLNG-240912,2023-08-26,10:06:00
PP-200,파이프 (200mm),82,122,B-3,LNGC-240970,2023-08-26,10:20:00
PP-150,파이프 (150mm),357,357,B-3,VLCC-240913,2023-08-26,10:21:00
CB-001,케이블 (전력용),82,58,D-2,FPSO-240962,2023-08-26,11:54:00
ST-030,후판 (30mm),260,110,C-2,FLNG-240967,2023-08-26,12:20:00
CB-001,케이블 (전력용),212,161,A-1,FLNG-240902,2023-08-26,12:35:00
PP-100,파이프 (100mm),62,47,B-3,FLNG-240914,2023-08-26,12:37:00
ST-010,후판 (10mm),12,114,C-2,VLCC-240955,2023-08-26,12:45:00
ST-010,후판 (10mm),63,105,B-3,VLCC-240971,2023-08-26,13:11:00
ST-010,후판 (10mm),10,116,C-2,VLCC-240916,2023-08-26,13:55:00
WL-001,용접봉 (6010),167,97,B-2,FLNG-240929,2023-08-26,14:11:00
WL-001,용접봉 (7018),402,316,E-2,FLNG-240991,2023-08-26,14:23:00
WL-001,용접봉 (6013),143,302,E-1,VLCC-240985,2023-08-26,14:26:00
BR-L,베어링 (대형),172,169,A-3,LNGC-240985,2023-08-26,14:38:00
CB-001,케이블 (통신용),0,120,A-2,FLNG-240915,2023-08-26,14:46:00
PP-200,파이프 (200mm),136,95,B-3,LNGC-240934,2023-08-26,15:04:00
CB-001,케이블 (전력용),92,86,E-2,FLNG-240918,2023-08-26,15:07:00
CB-001,케이블 (통신용),81,668,C-3,FLNG-240924,2023-08-26,16:00:00
PP-150,파이프 (150mm),694,400,B-3,FLNG-240931,2023-08-26,16:06:00
WL-001,용접봉 (6010),411,125,A-3,FPSO-240905,2023-08-26,16:30:00
ST-010,후판 (10mm),240,490,B-2,LNGC-240968,2023-08-26,18:14:00
CB-001,케이블 (통신용),278,411,C-2,VLCC-240927,2023-08-26,19:35:00
CB-001,케이블 (전력용),13,158,C-2,FLNG-240925,2023-08-26,19:48:00
PP-200,파이프 (200mm),269,138,B-3,LNGC-240993,2023-08-26,19:50:00
ST-010,후판 (10mm),386,448,B-2,FLNG-240933,2023-08-26,20:01:00
ST-010,후판 (10mm),267,125,E-3,FPSO-240957,2023-08-26,20:20:00
PP-200,파이프 (200mm),18,77,B-3,LNGC-240994,2023-08-26,21:11:00
ST-020,후판 (20mm),485,240,B-2,ULCS-240945,2023-08-26,21:31:00
PP-150,파이프 (150mm),510,224,B-3,ULCS-240905,2023-08-26,22:04:00
BR-S,베어링 (소형),177,170,B-1,FLNG-240916,2023-08-26,22:20:00
ST-030,후판 (30mm),201,22,C-3,FLNG-240920,2023-08-26,23:03:00
ST-030,후판 (30mm),86,80,D-3,FLNG-240975,2023-08-26,23:09:00
WL-001,용접봉 (6010),68,148,E-2,VLCC-240945,2023-08-27,00:15:00
PP-200,파이프 (200mm),268,325,C-1,LNGC-240947,2023-08-27,00:35:00
PP-100,파이프 (100mm),28,189,B-3,FPSO-240952,2023-08-27,00:50:00
PP-150,파이프 (150mm),6,71,B-3,FPSO-240935,2023-08-27,01:10:00
CB-001,케이블 (통신용),36,36,D-1,FLNG-240950,2023-08-27,02:00:00
BR-S,베어링 (소형),54,26,E-2,VLCC-240925,2023-08-27,04:06:00
BR-S,베어링 (소형),104,115,E-2,FLNG-240962,2023-08-27,04:21:00
ST-020,후판 (20mm),188,461,C-2,FPSO-240976,2023-08-27,04:24:00
BR-S,베어링 (소형),131,40,C-1,VLCC-240969,2023-08-27,04:36:00
ST-010,후판 (10mm),84,104,B-1,FPSO-240903,2023-08-27,05:09:00
BR-L,베어링 (대형),142,73,E-2,FLNG-240905,2023-08-27,05:50:00
WL-001,용접봉 (6010),334,251,A-3,VLCC-240964,2023-08-27,05:56:00
ST-020,후판 (20mm),19,76,A-1,FPSO-240903,2023-08-27,06:16:00
ST-010,후판 (10mm),129,271,E-3,VLCC-240984,2023-08-27,06:29:00
ST-010,후판 (10mm),101,221,B-1,FLNG-240953,2023-08-27,06:43:00
BR-L,베어링 (대형),419,20,B-1,FLNG-240926,2023-08-27,07:03:00
WL-001,용접봉 (7018),305,266,E-2,VLCC-240990,2023-08-27,08:04:00
PP-150,파이프 (150mm),167,208,D-3,VLCC-240997,2023-08-27,08:17:00
BR-S,베어링 (소형),13,45,E-1,FPSO-240984,2023-08-27,09:21:00
ST-010,후판 (10mm),131,20,B-1,FLNG-240982,2023-08-27,10:06:00
CB-001,케이블 (통신용),790,95,E-2,VLCC-240944,2023-08-27,10:22:00
PP-100,파이프 (100mm),402,322,A-2,VLCC-240989,2023-08-27,10:35:00
ST-020,후판 (20mm),147,181,E-3,FLNG-240949,2023-08-27,11:12:00
WL-001,용접봉 (6013),220,220,E-1,VLCC-240957,2023-08-27,13:07:00
ST-030,후판 (30mm),40,86,E-3,LNGC-240972,2023-08-27,13:24:00
BR-L,베어링 (대형),106,161,E-2,FPSO-240921,2023-08-27,13:53:00
ST-020,후판 (20mm),361,287,C-3,LNGC-240945,2023-08-27,13:57:00
WL-001,용접봉 (7018),4,471,E-3,FLNG-240961,2023-08-27,15:39:00
ST-010,후판 (10mm),76,380,B-1,VLCC-240910,2023-08-27,16:22:00
ST-010,후판 (10mm),297,405,D-3,FLNG-240990,2023-08-27,16:30:00
WL-001,용접봉 (6010),579,301,E-3,FPSO-240948,2023-08-27,16:37:00
BR-M,베어링 (중형),176,325,A-3,FLNG-240950,2023-08-27,16:43:00
PP-100,파이프 (100mm),325,321,C-1,FPSO-240954,2023-08-27,16:44:00
ST-020,후판 (20mm),154,160,B-1,VLCC-240914,2023-08-27,17:30:00
PP-100,파이프 (100mm),115,60,D-3,FLNG-240910,2023-08-27,18:01:00
BR-S,베어링 (소형),190,171,C-1,FLNG-240992,2023-08-27,18:32:00
ST-020,후판 (20mm),23,25,E-3,ULCS-240931,2023-08-27,18:39:00
CB-001,케이블 (통신용),70,591,D-1,FLNG-240992,2023-08-27,18:47:00
BR-M,베어링 (중형),260,462,A-1,FLNG-240953,2023-08-27,20:12:00
ST-030,후판 (30mm),123,231,B-3,FPSO-240936,2023-08-27,21:13:00
ST-020,후판 (20mm),125,63,E-3,FLNG-240907,2023-08-27,22:38:00
BR-S,베어링 (소형),34,93,A-1,FLNG-240922,2023-08-28,00:28:00
PP-150,파이프 (150mm),674,538,A-2,ULCS-240977,2023-08-28,01:10:00
BR-L,베어링 (대형),224,45,C-1,LNGC-240981,2023-08-28,01:27:00
BR-S,베어링 (소형),270,28,A-3,FLNG-240910,2023-08-28,02:27:00
ST-020,후판 (20mm),136,93,B-1,FLNG-240929,2023-08-28,02:51:00
PP-200,파이프 (200mm),377,105,D-2,FLNG-240993,2023-08-28,03:21:00
ST-030,후판 (30mm),195,182,D-3,LNGC-240923,2023-08-28,03:25:00
BR-M,베어링 (중형),404,113,E-2,LNGC-240938,2023-08-28,03:36:00
CB-001,케이블 (전력용),226,239,C-1,FLNG-240959,2023-08-28,04:09:00
ST-020,후판 (20mm),5,86,B-1,ULCS-240947,2023-08-28,06:14:00
BR-S,베어링 (소형),263,128,E-2,FLNG-240984,2023-08-28,06:22:00
ST-010,후판 (10mm),6,638,D-3,VLCC-240910,2023-08-28,06:30:00
PP-150,파이프 (150mm),53,138,D-1,FPSO-240992,2023-08-28,07:00:00
PP-150,파이프 (150mm),192,24,A-2,LNGC-240968,2023-08-28,08:51:00
PP-100,파이프 (100mm),152,152,B-3,VLCC-240983,2023-08-28,09:17:00
PP-200,파이프 (200mm),136,115,D-3,FPSO-240954,2023-08-28,09:25:00
ST-020,후판 (20mm),22,23,B-1,VLCC-240915,2023-08-28,09:35:00
PP-150,파이프 (150mm),45,80,D-1,FPSO-240990,2023-08-28,11:13:00
ST-020,후판 (20mm),224,77,C-3,LNGC-240945,2023-08-28,11:38:00
BR-L,베어링 (대형),128,10,E-2,LNGC-240994,2023-08-28,12:06:00
ST-010,후판 (10mm),254,130,B-2,FLNG-240992,2023-08-28,12:39:00
CB-001,케이블 (통신용),383,332,D-1,FLNG-240997,2023-08-28,13:07:00
PP-150,파이프 (150mm),71,207,B-3,FLNG-240971,2023-08-28,14:20:00
CB-001,케이블 (전력용),41,91,A-1,VLCC-240925,2023-08-28,14:32:00
ST-020,후판 (20mm),510,224,D-2,LNGC-240968,2023-08-28,16:17:00
WL-001,용접봉 (6010),184,231,E-3,FLNG-240998,2023-08-28,16:21:00
ST-030,후판 (30mm),412,323,B-3,FLNG-240975,2023-08-28,16:34:00
PP-100,파이프 (100mm),135,57,D-1,FLNG-240958,2023-08-28,18:32:00
ST-030,후판 (30mm),162,193,B-1,FLNG-240984,2023-08-28,20:03:00
PP-100,파이프 (100mm),276,57,B-3,FLNG-240957,2023-08-28,20:15:00
WL-001,용접봉 (6013),353,611,E-2,FPSO-240935,2023-08-28,20:17:00
ST-010,후판 (10mm),24,59,C-2,VLCC-240935,2023-08-28,20:20:00
ST-010,후판 (10mm),67,129,B-1,FPSO-240905,2023-08-28,20:43:00
ST-010,후판 (10mm),187,187,E-3,FLNG-240906,2023-08-28,20:47:00
CB-001,케이블 (통신용),90,323,A-1,FPSO-240968,2023-08-28,21:16:00
ST-020,후판 (20mm),313,396,C-3,VLCC-240953,2023-08-28,21:27:00
WL-001,용접봉 (6010),282,126,B-2,FLNG-240962,2023-08-28,22:01:00
PP-100,파이프 (100mm),26,612,D-2,FLNG-240970,2023-08-28,22:15:00
PP-150,파이프 (150mm),184,249,B-2,VLCC-240916,2023-08-28,22:18:00
ST-020,후판 (20mm),375,192,C-2,FLNG-240970,2023-08-28,22:21:00
CB-001,케이블 (전력용),460,131,C-2,LNGC-240987,2023-08-28,23:31:00
ST-010,후판 (10mm),426,442,B-1,FLNG-240965,2023-08-29,00:04:00
BR-M,베어링 (중형),106,104,E-1,FPSO-240960,2023-08-29,02:25:00
PP-200,파이프 (200mm),198,117,D-3,FLNG-240936,2023-08-29,02:59:00
ST-030,후판 (30mm),333,440,B-1,LNGC-240964,2023-08-29,03:15:00
ST-020,후판 (20mm),225,108,C-3,FLNG-240975,2023-08-29,03:19:00
WL-001,용접봉 (6010),306,66,E-2,VLCC-240954,2023-08-29,03:34:00
CB-001,케이블 (통신용),352,152,A-1,FLNG-240920,2023-08-29,06:11:00
CB-001,케이블 (통신용),111,44,D-1,FLNG-240942,2023-08-29,07:56:00
ST-030,후판 (30mm),532,418,C-3,LNGC-240949,2023-08-29,08:36:00
ST-010,후판 (10mm),65,65,E-3,FLNG-240908,2023-08-29,08:38:00
PP-150,파이프 (150mm),161,153,D-3,LNGC-240992,2023-08-29,09:02:00
BR-L,베어링 (대형),430,134,E-1,FLNG-240956,2023-08-29,09:09:00
BR-S,베어링 (소형),68,15,C-1,FPSO-240918,2023-08-29,09:14:00
PP-100,파이프 (100mm),193,247,D-3,VLCC-240933,2023-08-29,09:31:00
BR-L,베어링 (대형),37,410,B-1,FLNG-240970,2023-08-29,09:44:00
BR-M,베어링 (중형),139,128,A-1,VLCC-240957,2023-08-29,09:59:00
CB-001,케이블 (통신용),212,156,D-2,LNGC-240911,2023-08-29,12:34:00
ST-010,후판 (10mm),149,186,C-3,FLNG-240967,2023-08-29,13:44:00
WL-001,용접봉 (6013),172,13,B-2,LNGC-240941,2023-08-29,14:06:00
CB-001,케이블 (전력용),15,85,E-1,LNGC-240984,2023-08-29,14:30:00
PP-100,파이프 (100mm),659,699,B-3,FPSO-240992,2023-08-29,14:36:00
WL-001,용접봉 (7018),647,358,E-3,FPSO-240980,2023-08-29,15:39:00
ST-030,후판 (30mm),452,303,B-1,FLNG-240998,2023-08-29,16:15:00
PP-200,파이프 (200mm),274,70,A-2,FLNG-240966,2023-08-29,16:24:00
WL-001,용접봉 (6010),350,108,A-3,FLNG-240941,2023-08-29,16:40:00
CB-001,케이블 (통신용),145,49,C-2,FLNG-240941,2023-08-29,16:40:00
PP-100,파이프 (100mm),562,341,B-3,FLNG-240945,2023-08-29,17:42:00
PP-100,파이프 (100mm),0,76,D-3,VLCC-240902,2023-08-29,18:16:00
ST-030,후판 (30mm),35,532,C-3,FPSO-240904,2023-08-29,18:33:00
WL-001,용접봉 (6010),192,209,E-2,FPSO-240948,2023-08-29,19:21:00
CB-001,케이블 (전력용),207,19,A-3,FLNG-240937,2023-08-29,21:16:00
CB-001,케이블 (전력용),151,143,A-3,FPSO-240994,2023-08-29,21:28:00
ST-010,후판 (10mm),288,56,D-2,FLNG-240962,2023-08-29,23:09:00
PP-150,파이프 (150mm),96,185,B-2,FPSO-240974,2023-08-29,23:44:00
WL-001,용접봉 (6013),68,317,B-2,VLCC-240944,2023-08-30,00:49:00
ST-010,후판 (10mm),32,91,C-3,LNGC-240997,2023-08-30,01:08:00
ST-010,후판 (10mm),769,536,D-3,FLNG-240934,2023-08-30,01:56:00
ST-020,후판 (20mm),121,95,D-3,FLNG-240914,2023-08-30,01:57:00
WL-001,용접봉 (7018),28,52,E-2,VLCC-240996,2023-08-30,02:11:00
CB-001,케이블 (통신용),83,117,A-2,FLNG-240976,2023-08-30,02:33:00
PP-150,파이프 (150mm),191,197,D-3,FLNG-240973,2023-08-30,02:42:00
BR-L,베어링 (대형),67,12,A-3,LNGC-240972,2023-08-30,03:50:00
CB-001,케이블 (전력용),233,442,C-3,FPSO-240977,2023-08-30,04:18:00
PP-150,파이프 (150mm),707,472,C-1,FLNG-240903,2023-08-30,05:25:00
BR-S,베어링 (소형),166,333,E-2,FLNG-240936,2023-08-30,06:30:00
PP-100,파이프 (100mm),24,70,D-3,VLCC-240955,2023-08-30,06:39:00
PP-100,파이프 (100mm),134,109,A-2,FLNG-240945,2023-08-30,07:57:00
WL-001,용접봉 (6010),38,60,C-3,FLNG-240940,2023-08-30,08:20:00
WL-001,용접봉 (7018),161,174,A-3,FLNG-240922,2023-08-30,08:21:00
BR-L,베어링 (대형),141,29,E-2,LNGC-240964,2023-08-30,08:47:00
PP-200,파이프 (200mm),6,71,B-3,FLNG-240942,2023-08-30,09:25:00
BR-S,베어링 (소형),133,562,A-3,FLNG-240967,2023-08-30,09:50:00
ST-010,후판 (10mm),165,2,C-3,FLNG-240949,2023-08-30,10:53:00
WL-001,용접봉 (6010),155,93,E-3,FLNG-240976,2023-08-30,11:19:00
ST-030,후판 (30mm),439,302,A-1,VLCC-240941,2023-08-30,11:25:00
ST-010,후판 (10mm),329,164,B-1,FLNG-240982,2023-08-30,12:10:00
CB-001,케이블 (전력용),53,55,A-1,FPSO-240968,2023-08-30,14:51:00
PP-100,파이프 (100mm),157,24,C-1,FLNG-240951,2023-08-30,14:59:00
WL-001,용접봉 (6013),267,7,E-2,LNGC-240911,2023-08-30,16:07:00
PP-150,파이프 (150mm),60,128,D-1,LNGC-240967,2023-08-30,16:25:00
WL-001,용접봉 (6010),523,552,E-1,LNGC-240940,2023-08-30,16:56:00
BR-S,베어링 (소형),50,40,C-1,FPSO-240926,2023-08-30,18:38:00
PP-200,파이프 (200mm),115,22,B-3,FLNG-240984,2023-08-30,18:54:00
BR-L,베어링 (대형),65,258,B-1,LNGC-240924,2023-08-30,19:25:00
ST-020,후판 (20mm),46,8,D-3,FLNG-240981,2023-08-30,19:30:00
ST-030,후판 (30mm),687,475,E-3,FPSO-240904,2023-08-30,19:49:00
BR-L,베어링 (대형),66,44,A-3,FLNG-240941,2023-08-30,20:25:00
ST-020,후판 (20mm),355,279,C-2,FLNG-240911,2023-08-30,20:39:00
ST-030,후판 (30mm),400,359,A-1,FLNG-240976,2023-08-30,20:51:00
PP-150,파이프 (150mm),455,182,B-3,FLNG-240941,2023-08-30,21:03:00
CB-001,케이블 (통신용),273,256,C-3,LNGC-240936,2023-08-30,22:38:00
ST-010,후판 (10mm),10,85,C-2,VLCC-240965,2023-08-30,22:54:00
PP-200,파이프 (200mm),307,462,B-2,FPSO-240982,2023-08-30,23:58:00
PP-100,파이프 (100mm),85,24,D-1,VLCC-240956,2023-08-31,00:27:00
ST-010,후판 (10mm),75,3,C-3,FLNG-240929,2023-08-31,01:20:00
WL-001,용접봉 (6010),60,272,E-1,FPSO-240976,2023-08-31,01:42:00
PP-100,파이프 (100mm),1,7,D-2,ULCS-240960,2023-08-31,01:59:00
CB-001,케이블 (통신용),460,538,E-1,FPSO-240999,2023-08-31,02:27:00
CB-001,케이블 (통신용),233,154,A-3,FLNG-240964,2023-08-31,02:38:00
ST-010,후판 (10mm),305,121,E-3,LNGC-240902,2023-08-31,02:43:00
CB-001,케이블 (전력용),122,126,A-2,LNGC-240951,2023-08-31,03:11:00
PP-150,파이프 (150mm),69,36,B-2,FPSO-240921,2023-08-31,04:04:00
WL-001,용접봉 (6013),762,74,E-2,FLNG-240921,2023-08-31,04:27:00
ST-010,후판 (10mm),24,16,C-2,FPSO-240902,2023-08-31,04:49:00
PP-200,파이프 (200mm),680,620,B-2,FLNG-240935,2023-08-31,05:38:00
WL-001,용접봉 (7018),338,173,E-1,FPSO-240968,2023-08-31,05:44:00
ST-020,후판 (20mm),80,53,D-3,FLNG-240983,2023-08-31,05:49:00
ST-010,후판 (10mm),154,186,D-2,FLNG-240907,2023-08-31,07:03:00
WL-001,용접봉 (7018),49,227,A-3,LNGC-240965,2023-08-31,09:49:00
PP-100,파이프 (100mm),12,14,D-3,FLNG-240910,2023-08-31,10:40:00
PP-200,파이프 (200mm),661,159,B-2,LNGC-240907,2023-08-31,11:01:00
WL-001,용접봉 (6010),476,409,E-1,FLNG-240993,2023-08-31,11:20:00
PP-150,파이프 (150mm),310,246,C-1,LNGC-240990,2023-08-31,11:52:00
ST-020,후판 (20mm),55,37,E-3,LNGC-240954,2023-08-31,11:57:00
ST-010,후판 (10mm),75,39,C-2,FLNG-240950,2023-08-31,12:14:00
PP-200,파이프 (200mm),411,109,D-3,FLNG-240971,2023-08-31,13:03:00
WL-001,용접봉 (6013),175,77,E-1,LNGC-240939,2023-08-31,14:10:00
PP-150,파이프 (150mm),211,110,D-1,FLNG-240933,2023-08-31,14:21:00
ST-030,후판 (30mm),233,223,A-1,FLNG-240957,2023-08-31,14:26:00
ST-030,후판 (30mm),182,115,B-2,FLNG-240910,2023-08-31,14:35:00
WL-001,용접봉 (6010),134,220,E-2,FPSO-240969,2023-08-31,15:05:00
ST-010,후판 (10mm),136,66,A-1,FLNG-240911,2023-08-31,17:13:00
WL-001,용접봉 (6013),392,113,C-3,LNGC-240998,2023-08-31,18:15:00
BR-S,베어링 (소형),161,30,E-2,FLNG-240925,2023-08-31,18:18:00
PP-200,파이프 (200mm),149,55,C-1,FLNG-240997,2023-08-31,18:19:00
BR-M,베어링 (중형),23,190,E-2,FLNG-240962,2023-08-31,18:21:00
CB-001,케이블 (통신용),9,44,C-2,LNGC-240965,2023-08-31,18:46:00
PP-200,파이프 (200mm),321,313,B-3,VLCC-240985,2023-08-31,19:52:00
BR-M,베어링 (중형),50,72,E-2,FLNG-240915,2023-08-31,20:49:00
BR-S,베어링 (소형),236,120,A-1,LNGC-240980,2023-08-31,22:47:00
PP-150,파이프 (150mm),86,220,D-3,VLCC-240995,2023-08-31,22:58:00
PP-200,파이프 (200mm),101,23,D-2,FPSO-240996,2023-08-31,23:57:00
